doc_id,judge_rapporteur,formation,prob_David Uhlíř,prob_Eliška Wagnerová,prob_Iva Brožová,prob_Ivana Janů,prob_Jan Filip,prob_Jan Musil,prob_Jiří Nykodým,prob_Jiří Zemánek,prob_Josef Fiala,prob_Kateřina Šimáčková,prob_Ludvík David,prob_Michaela Židlická,prob_Miloslav Výborný,prob_Pavel Varvařovský,prob_Radovan Suchánek,prob_Stanislav Balík,prob_Vladimír Kůrka,prob_Vladimír Sládeček,prob_Vojtěch Šimíček,predicted_author,max_probability,prob_rapporteur,rapporteur_is_trained_author
1-1056-07_2,Vojen Güttler,I. senát,0.0016003309065394065,0.004238433138484714,0.0001966411806232372,0.48632654850029466,1.926634794461836e-05,0.00022566824200179964,0.001479051052947145,0.0005598026039604666,0.0002676814083021768,4.998230323095532e-05,0.0016574175820810938,0.0009676265159221994,0.00116132269780316,0.0011126840758442814,0.061555017137942786,0.06194915275972208,0.0003716415369721935,0.0015054131783960871,0.00038329329574909746,Ivana Janů,0.48632654850029466,,False
1-1099-18_1,Tomáš Lichovník,I. senát,0.00041059302545091194,0.000929251164685576,5.817346425802173e-05,0.37358440308775936,0.0006160297139600978,0.00048773964562295224,0.001817020678070039,4.872955787248851e-05,1.9870525609550375e-05,0.0021095605583207624,0.028049165517667264,0.004852382024612906,0.006778967055457358,0.024855668925510596,0.10290647570859422,0.01969772443868839,1.8703792710301163e-06,0.0028114580041786576,0.005980632871917139,Ivana Janů,0.37358440308775936,,False
1-139-04,Vojen Güttler,I. senát,0.00356283778979174,3.010729539602027e-05,0.00017825034803736916,0.6095581804181078,8.246264486325093e-05,0.29714465221841996,0.009378101240450503,6.93232011010479e-05,8.646820297247827e-05,0.000274966146433941,0.007068564745539317,0.0019334126914179977,0.027734771207733988,0.0035795021653882444,0.0008577005575654784,0.0025171006968169496,5.469098856263862e-05,0.008933789187124676,0.008447668689979062,Ivana Janů,0.6095581804181078,,False
1-1524-15_1,Kateřina Šimáčková,I. senát,0.004048765683731529,0.000994406754147229,0.0002507691640184266,0.10064890187474561,0.0005159059941032554,0.000674431008180964,0.013589950350773655,0.0019944763936887546,0.00020712477086424163,7.600442284968909e-05,0.0014825581012982891,0.0009061588404960364,0.0071334485287696345,0.002094485530363344,0.13475990520014985,0.0025587547658950226,2.8205926212677513e-06,0.027820909853533048,9.607638459252222e-05,Radovan Suchánek,0.13475990520014985,7.600442284968909e-05,True
1-1586-09_1,Eliška Wagnerová,I. senát,0.00019328452799774427,0.002286075446287798,0.00016742048973030925,0.16910137132271577,0.00020223426478218015,0.017759163658159258,0.001168743917982812,0.00947142854259327,0.00019106286631928062,0.07015997590482784,0.01786341253144515,0.0008150750408322636,0.0009543855095165674,0.00022470544112019615,0.12893156741385126,0.011124898325965712,0.0003589364267757519,0.15006938792670324,0.000177801291453049,Ivana Janů,0.16910137132271577,0.002286075446287798,True
1-1822-14_1,Kateřina Šimáčková,I. senát,0.00470913021480422,0.00012015466164702551,0.0006571024129815777,0.9055730833488929,0.0019607568345972257,0.00011373727968839293,0.009793016760826426,0.0007203463554440856,0.0014887549358240679,0.011036226145818707,0.0030106182745658085,6.360454763409388e-05,0.0008299762752743085,0.00028105324810276904,0.0005014571067294087,0.0007984742538911478,5.119055749817387e-05,0.035074658563703315,5.1465911294222744e-05,Ivana Janů,0.9055730833488929,0.011036226145818707,True
1-1835-07_1,Eliška Wagnerová,I. senát,0.003093418983111693,0.1320524835960186,0.0016741197468284129,0.013461277755922853,0.00021628986885484003,0.03330234972018942,0.0015993556966663114,0.0002225847551042282,0.0002112573827680921,0.021537877702277157,0.00043832546765657784,0.0020636246678273165,0.0010800235342106987,0.0011428886414567396,0.0009478061173073492,0.017095870400424172,4.0155202700863565e-05,0.0024796054175233464,0.011942772692124558,Eliška Wagnerová,0.1320524835960186,0.1320524835960186,True
1-1922-09_1,Eliška Wagnerová,I. senát,0.004410972578933771,0.0011582982226093178,0.00041723223408783393,0.011305745365040375,0.00995288095651625,0.009346013889453645,0.0004939761052839038,0.00039379250879481277,0.00029960164872494435,0.00015440214203717314,0.000272484000320253,6.985210501263124e-05,0.00034299136753830346,0.013657960742431027,0.4122926135382521,0.0015141328457278131,0.00010203952124441341,0.006771011335252328,0.0003710723741591769,Radovan Suchánek,0.4122926135382521,0.0011582982226093178,True
1-1947-07_1,Eliška Wagnerová,I. senát,8.863818230626787e-05,0.0005626644558997244,0.0004110313656015938,0.17601300381850232,8.39299922302489e-05,0.00035072206694963624,0.00036271588896739064,0.0011937011579709767,0.0011055908526012273,0.00013360809075745395,0.0007678895329817465,0.0029474009925743055,0.003181772990861863,0.011329903811906067,0.7581049549252482,0.0016179535462669964,2.2632910055829357e-05,0.0022086697797253046,6.953003849002636e-05,Radovan Suchánek,0.7581049549252482,0.0005626644558997244,True
1-2-95,Vojen Güttler,I. senát,0.027542340047209936,0.0034249713048814063,0.001528220443127674,0.01022300822426823,0.0032285888462978605,0.047441016586979946,0.0001179909956615174,1.7567149324476015e-05,0.0005550512731765675,0.0003025663698970147,0.0002646974832547415,0.0028075441597792262,0.0029192376036345277,0.007875180777410385,0.010827413189864646,0.00995902699828332,4.475236649139066e-05,0.0006708586309426102,3.943133972240858e-05,Jan Musil,0.047441016586979946,,False
1-2025-10_1,Eliška Wagnerová,I. senát,0.0007504753143409428,0.0008812349531367423,0.00046712265812336894,0.03595735488706271,0.0004905774807711978,0.0038584951589688055,0.0006296272781112911,0.017063109404778596,0.00971979724400555,0.00020691370307593883,0.0006378964444815729,0.00043300437399847283,0.0021374323516525056,7.64000116076832e-05,0.17987292526350343,0.002710231197514261,0.003936849385849671,0.05949004334311551,2.9963069236704916e-06,Radovan Suchánek,0.17987292526350343,0.0008812349531367423,True
1-2166-10_1,Eliška Wagnerová,I. senát,0.00012223368050900399,0.020609492354642017,0.00020910022151611097,0.02799565286473102,0.00046823707723171845,0.0038766466103556363,0.0028809112580003766,0.0321266644726489,0.0017717532357903476,0.010972716583214892,0.0350425202851928,0.0007225373579024477,0.00034227395781055486,0.0001233654067715353,0.0659409042939208,0.028595559405935913,0.0020842160652215533,0.10883457266462783,2.2863570410931926e-05,Vladimír Sládeček,0.10883457266462783,0.020609492354642017,True
1-22-10_1,Eliška Wagnerová,I. senát,0.00017130087059440095,0.0030015985277165795,0.0007666490404793992,0.22448723401647763,0.00011542728007163389,0.01655843683077908,0.0001891509181068651,0.00474992955979684,0.00136860207963282,0.0008196623268254737,0.0002831532129688032,0.00028586701327374607,0.0007629250551847176,0.0004682269612421681,0.9114443077297157,0.015844771086213395,0.0006875777684961082,0.038967444159476186,7.593854989010577e-05,Radovan Suchánek,0.9114443077297157,0.0030015985277165795,True
1-2208-13_2,Kateřina Šimáčková,I. senát,0.00029507287287405977,0.00020298455845475238,9.266339387714858e-05,0.9759871559541183,0.005137636704599366,0.01907342265889305,0.005078349436125221,0.0009215511014383645,0.0002819104535315028,0.007992242178540759,0.0037617075891685082,0.00018476783225643934,0.0017131117868923998,0.00013885197278360194,0.007701456949812904,0.03471469649978666,1.262847244032955e-05,0.009483534037839607,4.144699371055337e-05,Ivana Janů,0.9759871559541183,0.007992242178540759,True
1-2576-10_1,Vojen Güttler,I. senát,0.0005761828516302419,5.7090403987101696e-05,0.0014064784612163018,0.017766055348384584,0.000580221898919434,0.0008674939828212193,5.8638853541287315e-05,0.00015550683640290147,0.0009405035851994093,0.000924174898265896,0.009880440494057794,0.000669737643860901,0.000618645323196765,0.0017379858894088875,0.5668664188848184,0.01790288514990438,0.004458203498523613,0.578187235090931,0.0006010566071572256,Vladimír Sládeček,0.578187235090931,,False
1-2665-13_1,Ludvík David,I. senát,0.0004567003197231505,0.0006849262922029895,0.00028800419579060916,0.49221314872229344,0.0007115274173924216,0.011180717393647214,0.0023162219258291675,0.0014862017766099733,0.002336318986827689,0.0068055779824579745,0.007882563266394728,9.928426120790719e-05,0.003593860046790547,0.00010531732615772719,0.005737643959486011,0.0038361148990464543,0.00045338159695591606,0.026927843794020544,1.0781850969350108e-05,Ivana Janů,0.49221314872229344,0.007882563266394728,True
1-277-96,Vladimír Paul,I. senát,0.05104909231071998,0.0009259559631336493,0.000501379596078509,0.0015946929775087152,0.0004743798202046085,0.44553096059220193,0.002387062188459516,5.6057758336034825e-05,0.0006841440913195018,0.016163388288815108,4.845461091879784e-05,0.0035875793195110557,0.0006566728661745561,0.028173903918717005,0.0009741794980427479,0.05945293269718429,1.0945713835266664e-06,0.0012808447455182814,0.0007687844978038318,Jan Musil,0.44553096059220193,,False
1-299-09_1,Vojen Güttler,I. senát,0.0035873351345502608,9.974282037328248e-05,2.665541469478257e-05,0.018408517020689564,0.0039361791046033795,0.014489359080876549,0.0011914429125860796,0.00110184892791599,1.3090216647252316e-05,0.0016647367715839473,0.0025947486372580064,0.001165329237526781,0.0032743414686815507,0.01905092162778558,0.01184544071927323,0.012247441878742058,8.130095537812108e-06,0.003254897685789673,0.043658203179362955,Vojtěch Šimíček,0.043658203179362955,,False
1-3179-18_2,David Uhlíř,I. senát,6.288849432532376e-05,9.360890747438877e-05,0.0001132725397276726,0.0064166166809182,0.0011227838243806259,0.02084018446354401,0.0005104611804140109,0.0008255754092765151,0.00654660235349258,0.0001413734569174973,0.005546344129336301,0.0002775670036073592,0.005313965429586967,0.00014106787901422549,0.3411141626830574,0.000541288765064318,0.0031930969582086416,0.05459421944019512,0.000217407935210368,Radovan Suchánek,0.3411141626830574,6.288849432532376e-05,True
1-3481-10_1,Eliška Wagnerová,I. senát,4.7776194208157156e-05,0.0012392810390529972,8.978091945404889e-05,0.7310222450537988,0.0005341414487436429,0.004029947433768764,0.00011562021635873507,0.0003006908149170695,0.009633415489722033,0.0001469647076755487,0.0009482372844255083,0.00040875558992852455,0.019549328653366525,3.6213173984052046e-05,0.042340175914814406,0.006421878075015502,0.013685733677478818,0.013734146592715282,0.0010193693265286702,Ivana Janů,0.7310222450537988,0.0012392810390529972,True
1-350-04,Eliška Wagnerová,I. senát,0.001272059590949763,0.0013298410313487303,0.00048633315828645044,0.08329233256931853,0.0002593306068361411,0.594002849799917,0.00686621241026632,0.0010741668939099709,0.0009366771387742517,0.0001617692889199779,2.912544569185143e-05,0.00022293565767545916,0.000666660148773853,0.00043423255597994513,0.007825123915771488,0.35037952928848465,8.693169051995572e-06,0.023853542630683525,0.0008646487325072809,Jan Musil,0.594002849799917,0.0013298410313487303,True
1-3709-16_1,David Uhlíř,I. senát,0.00032055641842884886,0.0007816572852334521,0.00019944929348495583,0.05200053439632549,0.0306256611475997,0.07940329020897598,0.00010279868832249128,0.0021041734446470006,0.0018992179262461736,0.05029211934311001,0.025225321875369546,8.20146162934411e-05,0.0001011069390183325,0.00030100126550833934,0.0007632677334780222,0.253091438782565,0.0005903344677193084,0.38065119262571256,3.441217559621297e-05,Vladimír Sládeček,0.38065119262571256,0.00032055641842884886,True
1-383-05_2,Vojen Güttler,I. senát,0.0029817059895850787,0.0003781803778574578,9.786023200605512e-05,0.913365718001059,0.00043189258345830095,0.0009152038001504181,0.00036792492213568416,0.0014517105816722366,0.0013189225458622442,0.00012461357327891835,0.00016546440458832252,0.0001393005407910318,0.0035486155729211413,0.0002504646139936797,0.001846412374063952,0.053078075910890705,0.012706053655820927,0.0012480622274265,0.0049323112234110605,Ivana Janů,0.913365718001059,,False
1-3918-19_4,David Uhlíř,I. senát,0.02897146154687637,0.02310711331827741,0.00013689118724836242,0.018049934921555457,0.00016139273537476976,0.005420952032395918,0.04015662103276508,0.427308725785563,8.716189665234886e-05,0.0017686483924797087,0.030664302430200595,0.0009305606124965204,0.001649374931108272,0.0005106741119919449,0.005597206144379462,0.008741973509157005,1.2946875350340289e-05,0.1707696096727167,1.2231125569618719e-05,Jiří Zemánek,0.427308725785563,0.02897146154687637,True
1-4178-18_2,Jaroslav Fenyk,I. senát,0.006224009259636681,0.0028414950636705206,0.00012979301914180824,0.0024851119292294984,0.0012208682713045478,0.002299442000989747,0.00519572004848763,0.004618312908079157,0.0023679414157723572,0.005531393328924134,0.004344893986117659,0.0004512298210116604,0.0006198439708137057,0.000754150785008663,0.21559131815174096,0.004840815627992215,8.454641920731682e-05,0.02911907007821925,6.481638700952017e-05,Radovan Suchánek,0.21559131815174096,,False
1-4503-12_1,Kateřina Šimáčková,I. senát,0.0024515834088789934,7.010303391104245e-05,0.00018675743786261754,0.9836759180763079,0.00025492669381215,0.015785641623749624,0.0031124988394945568,0.012022981424661495,0.0004667051734852892,0.03628059664318166,0.042048621877113355,0.000311481517325593,0.001220580807581363,0.0002650295329658058,0.2864643154932003,0.0012419048652343805,0.00011477595590078994,0.005344336036278713,4.465519822816381e-05,Ivana Janů,0.9836759180763079,0.03628059664318166,True
1-453-03,Eliška Wagnerová,I. senát,0.0015280578241261811,0.07398908504973799,0.0003802713271030973,0.029016232500717744,0.0012247600071607439,0.05424718928856295,0.0068782600969798146,0.00026332575075226885,0.00013074722647852055,0.022734863719260603,0.0015980229530007197,0.001303484307209682,0.0005709135756937978,0.00024062286464393996,0.0015541313581914442,0.047339632232216704,4.826057770404151e-05,0.00695801938886557,0.0025020087039139146,Eliška Wagnerová,0.07398908504973799,0.07398908504973799,True
1-48-04,Vojen Güttler,I. senát,0.0036478782055617896,0.0011028929532272082,0.0004028532771984044,0.11139914083895153,0.0008972774497764045,0.026902990027446647,0.006688496546176652,5.951714348619055e-06,0.00025122886125694346,0.0001625626462314491,6.137151430503548e-05,0.0044327669745798945,0.0005518172046652595,0.0032181058511608265,0.013249790075634586,0.10414512831061651,6.031713193521776e-06,0.0024424198291040605,0.003436050457755737,Ivana Janů,0.11139914083895153,,False
1-529-09_1,Eliška Wagnerová,I. senát,0.00037965794597340805,0.005709505273561735,0.0002684567482991144,0.4002579555185837,0.00040564368261186457,0.023110014326927986,0.000636165775988277,0.0011090463380329081,0.0018322188415511615,0.020352077837224616,0.14229152919931415,0.0006085989165737749,0.00014029872370250934,0.0006785275429128422,0.010168159053437176,0.0014338658807285362,8.645286037489507e-05,0.08039809283278575,0.0001419571371256209,Ivana Janů,0.4002579555185837,0.005709505273561735,True
1-544-06_1,Eliška Wagnerová,I. senát,0.004227858998009264,0.02253046230309671,0.0008038258474452386,0.00566910251500545,9.886920376429376e-05,0.007245447442074752,0.007499100524056226,0.005801134160737188,0.0030102097154113363,0.00012090002218567277,0.0001136766402481389,0.0015580155186988118,0.001483159190655601,0.0006129505397668116,0.0008526021258290744,0.024727977191957354,0.00020649160973902693,0.00562362000155572,0.0007565202281027454,Stanislav Balík,0.024727977191957354,0.02253046230309671,True
1-554-04,Eliška Wagnerová,I. senát,0.001090767339308834,0.025789457477567942,0.00035939384933449304,0.09010030492674984,0.00023076112340968274,0.01056508914896248,0.0015684102478789846,0.002433148554244222,7.964992246414253e-05,0.014842883484638669,0.006942222428802144,0.0011074401471992358,0.004303677420773238,0.0001611179696230491,0.1027174413020638,0.0701747804520166,4.9703607268815706e-05,0.0014595927003217696,0.0001858834626510074,Radovan Suchánek,0.1027174413020638,0.025789457477567942,True
1-557-09_1,Eliška Wagnerová,I. senát,0.0005602519831897425,0.22803510788449244,0.0006080939577911619,0.002986324659992577,0.0012584445310521966,0.03326240283366836,0.00014354480037284017,0.003389728586171092,0.0005477424040212038,0.025662436318942317,0.000749638328269306,0.0013112778717859954,0.0013801441618863282,0.000683736968047887,0.007509755584905898,0.0049280292700328385,0.0003022476704374911,0.017895137389214603,4.7593246956830816e-05,Eliška Wagnerová,0.22803510788449244,0.22803510788449244,True
1-566-07_1,Ivana Janů,I. senát,0.00027469920570076344,0.0021598498076493655,0.0004354772517459184,0.2143202719577431,0.0013276353186266274,0.0001594961164134763,0.00018407024426834548,0.009002874750284265,0.0008312080578402536,0.0003887794693345953,0.0563541853438256,0.0013063802790458966,0.0003706949826472115,0.0001307856162045315,0.11493657218681048,0.008760833672992798,0.0005011274399871715,0.07407246014883535,8.152316209968411e-05,Ivana Janů,0.2143202719577431,0.2143202719577431,True
1-626-06,Vojen Güttler,I. senát,0.001484240174730331,0.00010376753844289876,0.00021110132924023894,0.004766515196927952,0.0002504269660491882,0.03508962831197659,0.09493347601340521,5.152504488218015e-06,0.00011002157129093869,0.00018075310910760844,0.00033222079237507066,0.0013716031424094038,0.0798816748617416,0.04393872266792242,1.2779758404770648e-05,0.34517755072614326,6.227124384976953e-05,0.0018620049298846337,0.04019073825846352,Stanislav Balík,0.34517755072614326,,False
1-631-23_1,Pavel Šámal,I. senát,0.00014319888322937433,8.793595150051472e-05,0.0005670575956326232,0.13396240518917427,0.001980698812615449,0.007294575076548365,0.0027299105515101846,0.010549101393661307,0.008612378224714726,0.0011272810394236652,0.006381339687366335,0.00023989183612692735,0.0007019126671473371,0.00020635979727802255,0.5759350659908464,0.09117476200798914,0.0006287331042474335,0.032252126497149994,7.778260219648595e-05,Radovan Suchánek,0.5759350659908464,,False
1-642-03,Eliška Wagnerová,I. senát,0.0019585849894491686,0.0069093118908765665,0.004469708487876798,0.007889340840126576,0.0004963820403173087,0.018186096108351524,0.004284617866587647,0.009070183065514449,0.0006391671359879858,0.0002791241267273378,0.000253950409410097,0.003928067608610647,7.890262547851394e-05,0.010308665623603771,0.010998102581339222,0.0007793252570602408,1.6824030576903833e-05,0.006817837628174476,9.590905439344729e-05,Jan Musil,0.018186096108351524,0.0069093118908765665,True
1-689-05,Vojen Güttler,I. senát,0.007223688667795187,0.00034875415439304544,8.601307695049976e-05,0.8297032825462608,2.0682337389490745e-05,0.2143515387551305,0.014858357371037552,2.994214387254792e-06,0.00012836622537048463,0.0014387417530632499,1.8001347361901354e-05,0.004684789865425408,0.021986084816950063,0.002100852459872872,0.00019480481150986305,0.014929774170905772,9.971672453176498e-06,9.006121454160253e-05,0.0016611209449853557,Ivana Janů,0.8297032825462608,,False
1-717-05,Eliška Wagnerová,I. senát,0.00015032157995573974,0.06317886375331139,0.00043986060965954586,0.000586968459389411,0.0002684675185533077,0.005193947091049968,0.0036956629487239928,0.01448698025163069,0.00019442939290882283,0.0001009538288010702,0.00035842764383674686,0.004462821667529152,0.0014351046370480287,0.011983042747707362,0.02525856581150404,0.010844602487792602,1.541890342266177e-05,0.0015315690538738427,0.0005860425448917316,Eliška Wagnerová,0.06317886375331139,0.06317886375331139,True
1-89-07_1,Vojen Güttler,I. senát,0.0006941680722259271,0.000992775311794315,0.0005916249820657189,0.7042351913512933,0.0003282348445699485,0.0003702086729389218,0.0015322960726454652,0.0025497520532339205,0.00011490369051277624,0.003975953402258791,0.005741917403323783,0.001012988812554888,0.0004050147508313389,0.0029365500677302537,0.003341956966619625,0.06146595557374531,0.00012369693022977078,0.02734776913440675,0.0035384902078110024,Ivana Janů,0.7042351913512933,,False
2-101-95,Iva Brožová,II. senát,0.0005435625557726249,0.006610299405189811,0.9639387936396238,0.002323714631078926,0.00018630627347250805,0.00036762217032085926,0.0071440839338169915,0.09000540402853512,0.008964563044448188,3.666489309702517e-06,5.461978685107975e-05,0.00012531373886898444,2.0227876409353985e-05,0.00014622491173717412,0.0005428700093140173,0.8926903744139911,3.086553415066524e-05,0.0027394307390958706,2.8724121345830536e-07,Iva Brožová,0.9639387936396238,0.9639387936396238,True
2-1148-07_1,Jiří Nykodým,II. senát,0.001046737537617035,0.024041894013644184,0.0005451139349394097,0.040884774653747145,0.0013584275977388872,0.001013042203890603,0.005556415488289083,0.005805248326954229,0.0003661591633913563,0.00020556976543662926,0.00011332890588866257,0.0007386266202635929,0.0014180858444122549,0.0003580028984027203,0.05258603473443584,0.007883035127969822,0.00029101524070842047,0.00366811265419729,0.0002098789655402077,Radovan Suchánek,0.05258603473443584,0.005556415488289083,True
2-129-98,Antonín Procházka,II. senát,0.029971934006672363,0.010945533853946279,0.006695672941899674,0.013919325489410762,0.0011269002908478065,0.0008964860451037646,0.09350989725743353,0.06729892743608264,0.00031995079102969856,0.0002180468584635074,0.00028328227971119446,0.0032769237656342914,3.267308845260453e-05,0.002952675105941265,1.8306189136259308e-05,0.004655414070834389,1.272151048290965e-05,0.005791357234916465,3.0301965653919705e-05,Jiří Nykodým,0.09350989725743353,,False
2-1398-17_1,Vojtěch Šimíček,II. senát,0.0005442632065211714,0.0011073489474044478,0.0013947690230731544,0.014696520321769779,0.004560060874352545,0.020183649918678614,0.004281402196716488,6.851076367599662e-05,0.004641442894636025,0.004514720810699639,0.013433144826168296,8.788033267186455e-05,4.821338471243976e-05,0.001369302983329705,0.0010369099786297004,0.15541999590897188,0.0007678721016225874,0.024271044759085366,0.002200701596708654,Stanislav Balík,0.15541999590897188,0.002200701596708654,True
2-1404-11_1,Pavel Rychetský,II. senát,0.02054837999289338,0.0016268831760063935,0.0002509994036189861,0.01788248113912346,0.000678390269027162,0.014327633374742679,0.008781920849574756,0.00040831125470522107,0.0008952184797897547,0.00022885192444149628,0.006348120087456604,0.004166861052379921,0.00017653933097279008,0.0010088669587570332,0.005767791843593964,0.01888570780383463,0.00015515538480823947,0.004937993277916949,0.0013310471402639987,David Uhlíř,0.02054837999289338,,False
2-149-94,Antonín Procházka,II. senát,0.002301259474369602,0.0004457571324305784,0.009495900104508305,0.03397942222347471,0.00032860965730764765,0.005787577107301112,0.004990890528458803,0.000759162942395042,0.00026772765535758747,0.0028181795882425437,0.008960305432586742,0.006030246042185745,0.004480241608963727,0.0010475194383721344,0.0015102158650858817,0.007373855697115542,1.305542068333715e-05,0.0007751313668658619,0.00020876309581219612,Ivana Janů,0.03397942222347471,,False
2-1529-08_1,Jiří Nykodým,II. senát,0.0011171850454397018,0.002978928306791989,0.0028031375944899037,0.0053162418880335315,0.009259055917236306,0.0011513387974708441,0.002914485439824628,0.0037715209841103414,0.01825830806077985,4.135042146248009e-05,0.0006051831072116681,0.00012118011606383057,0.0001962167574705816,0.0023860673683054868,0.003974325221556216,0.5748203185412238,0.004553001341418867,0.013576243361445915,1.6654071852649824e-05,Stanislav Balík,0.5748203185412238,0.002914485439824628,True
2-1658-11_1,Eliška Wagnerová,II. senát,0.0007422678702770342,0.010572798656875163,0.00021696076145305353,0.008984982966336584,0.00021582835183473235,0.00980053438662967,0.000854887523646194,0.004617988707250514,0.008581618275170178,0.0003996610090269747,0.010725661976381104,0.000258126391573933,0.000315019440456106,0.0002447487200661372,0.18725734059545981,0.006163022920242637,0.00014512887501372972,0.07467805867777236,0.00014201994604341926,Radovan Suchánek,0.18725734059545981,0.010572798656875163,True
2-173-95,Antonín Procházka,II. senát,0.005142896776111241,0.006381336189463717,0.03973262796561486,0.0864776758321847,0.00011619941297152367,0.012553885810359605,0.005465406902170802,0.02887987822692049,0.0005234380473256023,0.0004864081140069214,2.1915645334124893e-05,0.0007777585634297294,9.055831451656512e-05,0.0020857919113584245,0.0015111248152152794,0.0004214476730105102,0.00011127432676384525,0.0048393519211772165,4.019792761943869e-05,Ivana Janů,0.0864776758321847,,False
2-1842-12_1,Stanislav Balík,II. senát,0.0004649686942584811,0.0002635725402790863,0.0008204892686811265,0.0005113990242037653,0.0003021456921205872,0.0008766439209073418,0.0017931575526135468,0.005392833240323482,0.0016867551793671436,0.00016084367164553664,0.0021401013350368916,0.0007540997155653653,0.000419233918127681,0.004444900971993223,0.8404392332586569,0.20598074121451143,0.0014903487454294023,0.062308146370331094,9.371134086481695e-06,Radovan Suchánek,0.8404392332586569,0.20598074121451143,True
2-2000-16_1,Jiří Zemánek,II. senát,0.001721121389811578,0.0015106652120478524,0.0005661913913927613,0.0008455127923974931,0.0035352769584209836,0.0010105432716679508,0.0019452476554920604,0.0027677297910676823,0.001079326699834503,1.4984631768882064e-05,5.500025877886211e-05,0.00037077482954624266,0.0006978443060650902,0.007730988114257686,0.15940368812329353,0.032095249740415624,5.18286776903574e-05,0.0009247306001241328,0.00044880614616448725,Radovan Suchánek,0.15940368812329353,0.0027677297910676823,True
2-2108-14_1,Vojtěch Šimíček,II. senát,6.903823397670132e-05,0.006628974684580175,0.00016528975144827123,0.0026956531687192566,0.0017345985345980789,0.0008269690578012039,0.0038178657660614566,0.0013998507281699018,0.0013648720461031992,0.0015104260941950958,0.0029336001381119726,0.0009177703216770385,0.0021105421625447853,0.00025656858412870064,0.08516506160495012,0.004614400054588016,0.0010008773216763625,0.04728551479648378,0.0016191642740544545,Radovan Suchánek,0.08516506160495012,0.0016191642740544545,True
2-216-99,Antonín Procházka,II. senát,0.00020444857938767884,0.0003778111462880021,0.002746829360044764,0.7445204072164994,6.263772139901075e-05,7.875623162708522e-05,0.01477658416914186,0.0035339723950174183,0.00028818026921914716,1.2242740984646807e-05,5.070315603251033e-05,0.007617880138707826,0.005327890973704202,0.02114348260447447,0.0028286205545514356,0.01237435403497598,3.482013847070489e-05,0.0035223565011126188,0.00039958321040120217,Ivana Janů,0.7445204072164994,,False
2-2196-13_1,Vojtěch Šimíček,II. senát,0.001715475387609734,0.0011557557230291945,0.01433232757571177,0.018401749523715406,0.0002802358043834463,0.0008953576726301298,0.013767569467887297,4.874183860366201e-05,2.9250452825302618e-06,0.00013192919504247883,0.00014139785806360807,0.0007007170931657789,0.002077484918848193,0.0005465372817001982,0.6924898759288122,0.008378231430416527,0.002064899043717196,0.008349592528090437,0.11097706925925269,Radovan Suchánek,0.6924898759288122,0.11097706925925269,True
2-2326-07_1,Jiří Nykodým,II. senát,0.0019938565563434453,0.004607634962527428,0.001758438470696915,0.003305268175961147,0.0009617838201728788,0.009132842985280729,0.139863355133877,0.0025742283135895836,0.002129906351954304,0.00014206357991239095,0.006991059790850093,0.0016926280106210956,2.508062968205354e-05,0.002142547974387331,0.0001908850781272389,0.000760226367636031,4.7150531525510455e-05,0.006162816513786139,0.00014053689748349374,Jiří Nykodým,0.139863355133877,0.139863355133877,True
2-2385-21_2,Kateřina Šimáčková,II. senát,0.0011502106153329665,0.00029406752618641927,0.0004015296016289877,0.08996847534574244,0.0012260886725181095,0.006936941363687395,0.0008603769020120673,0.00022031273737189313,0.0004921216636729037,0.00021027901449351667,0.004971905227278331,0.008386204056472203,0.0013807790978373248,0.0033504193389049066,0.865385667706951,0.0011244311184371964,0.0009421206398847857,0.027553161325932652,0.0016324004648578256,Radovan Suchánek,0.865385667706951,0.00021027901449351667,True
2-2398-18_1,Kateřina Šimáčková,II. senát,0.0007292524377854205,0.00025118978828541695,9.022088120813885e-05,0.04581070154210064,0.0025594479819780855,0.0030222433424500306,0.0012780869430290781,0.0046401255314103326,0.0007835798837753201,0.0003908989209075796,0.015646974408130794,0.00032031507875613074,0.004043017315507957,0.000994377791665001,0.2661449965116595,0.08955443762795522,0.0013423201323682363,0.15339384643715823,3.96156157702132e-05,Radovan Suchánek,0.2661449965116595,0.0003908989209075796,True
2-2461-08_2,Jiří Nykodým,II. senát,0.023803339768324078,0.0012408903261977404,0.0003614474367900406,0.1271959035329411,0.0007190824644494695,0.060141028099798884,0.010942104369812921,4.478150081292354e-05,0.0004495266754215865,2.640021800454363e-05,0.00024031571155763246,0.003209858786002993,0.0011549926016315801,0.0042610429729655315,0.0014743833206525992,0.025055280838187165,1.0841738844318951e-05,0.0003499293392480669,0.0011477620845455562,Ivana Janů,0.1271959035329411,0.010942104369812921,True
2-2533-20_1,David Uhlíř,II. senát,0.0005167560403591,0.001114427628219261,0.00012009813078051473,0.23537295932525298,0.00013672423788318102,0.29200532386486283,0.005544426681705234,0.007931689539947535,0.0009185223768781727,0.12141698704631372,0.05923176301761398,0.00033489187955340605,0.0003978981725727077,0.00016718879788718945,0.008669847456359459,0.021201801830334523,4.728431813140591e-05,0.013388525444981574,0.0002893783979367032,Jan Musil,0.29200532386486283,0.0005167560403591,True
2-27-2000,Antonín Procházka,II. senát,0.0007381645245640897,0.0010207985807918656,0.0007900937604051639,0.907977941240146,0.001577575644911174,0.007068700937331,0.0002214803378661631,3.8122566378432576e-05,0.0006446409081514876,8.992322887593855e-05,0.0004202081171220989,0.0053600893991331226,0.0003882633326147235,0.040179479471047275,4.1855131476426485e-05,0.058612635791316356,0.00019755162788432168,0.00010503219599231425,0.00011931464130730806,Ivana Janů,0.907977941240146,,False
2-274-06_2,Dagmar Lastovecká,II. senát,5.375881291006755e-05,0.0040578247089875655,0.001672037832908628,0.05050303565295104,0.00017546906056346997,0.0007906628168316901,0.001993279017809597,0.24249878853073162,0.002752748996736083,0.00038822994164621464,0.00034548693108394,0.0007142548825835476,7.850048785187693e-05,3.332846719729048e-05,0.4441282779396164,0.49590879944629773,0.0038745683045779845,0.0030716252205813662,1.0793286524190631e-05,Stanislav Balík,0.49590879944629773,,False
2-2766-14_2,Vojtěch Šimíček,II. senát,0.0009907097122333931,0.002012366489995235,0.00025143801040044297,0.00836357634161851,0.0010921559993673825,0.004967892461666567,0.0028616840579042424,4.3676020976214316e-05,3.294705907756318e-05,0.0002986815661596216,0.0005902131704858565,0.00040482684747294794,0.0019085612408302624,0.0018425441240630467,0.04581715718742083,0.07008471396527337,8.495650323408836e-05,0.013629103276407907,0.06764966646695271,Stanislav Balík,0.07008471396527337,0.06764966646695271,True
2-287-96,Antonín Procházka,II. senát,0.006870256312458237,0.003264491330123746,0.011412505848572594,0.012568018777972388,0.0004207985516276849,0.030249727445917595,0.008186800775635673,0.000939333744476134,8.283584456022903e-05,3.0212544031532292e-05,9.813838031008572e-06,0.001836591325218668,0.0003605950787218424,0.011217573052791181,0.0006575420682912531,0.016728639842169716,2.6510690043676667e-05,0.010516973108836532,0.00020944995698725673,Jan Musil,0.030249727445917595,,False
2-2888-18_1,Vojtěch Šimíček,II. senát,0.0003056071004715495,0.001770514730040564,0.0002192818650523259,0.00017773703285677345,0.00037933280772804327,0.0005220469069487655,0.0006950040010962208,0.00029203854002401774,0.0005114049476557345,6.471520946543338e-05,0.0008839891075383533,0.00038486516501586823,0.0009026535366359349,0.015229897026654097,0.2766972119674784,0.007631923492444492,0.00014468854594926748,0.005647015251523026,0.025728285218969263,Radovan Suchánek,0.2766972119674784,0.025728285218969263,True
2-298-13_1,Vojtěch Šimíček,II. senát,0.0013499118826946236,0.0017436027488884356,0.00041452506611462994,0.0004872561596341188,8.395885266754501e-05,0.00042239404131514963,2.225358644734115e-05,1.1211116916986824e-05,0.0027744959569205056,6.3325387822196e-05,0.004584999140435526,0.0005151739634604249,0.0011976246082772703,0.002967212989897254,0.012037003921843236,0.0017538092541239851,0.00034358308101646264,0.0004398973632465919,0.061694219151063594,Vojtěch Šimíček,0.061694219151063594,0.061694219151063594,True
2-3120-10_1,Stanislav Balík,II. senát,0.00011356658797953259,0.024639187045272123,0.0008407591028431379,0.0211579123649572,0.0002507058548069429,0.0039912566104106095,0.014563100653537792,0.029646534992404713,0.002736937174674254,0.000938591045414786,0.005658597029619612,0.0024345575535721425,0.00040307801041441826,0.0007575526443666152,0.0012701042736500022,0.005693884687465074,0.0001936629980307767,0.08063264396170511,3.3896655999851644e-05,Vladimír Sládeček,0.08063264396170511,0.005693884687465074,True
2-3212-18_1,Vojtěch Šimíček,II. senát,0.001954327347970994,0.0003983261376510612,0.00013597904850245622,0.008429806431293476,0.0005906429110943461,0.015031560378126451,0.00394931314099252,4.205829751838998e-05,8.152150905156912e-05,0.08170406474949043,0.029603317844805545,0.00011920103309562705,0.0007115863894891216,0.0005111365808312828,0.002400443742307641,0.016334531690037835,0.00048281431412304607,0.007686631906594686,0.7037375181344031,Vojtěch Šimíček,0.7037375181344031,0.7037375181344031,True
2-3246-09_1,Dagmar Lastovecká,II. senát,0.0001614242167577448,0.003692747653205888,0.0003640985745505151,0.07733681113071364,0.00023676078114127583,0.002308846085110751,0.007910031286809872,0.039038380986472575,0.0007283394854483614,0.0017717188875132118,0.0011246661846314155,0.002682321026340533,0.0006435844208888561,0.0033269034069987507,0.009749450143002911,0.021411663773623534,2.3787002400169437e-05,0.00016605332891304547,0.0001335351947747023,Ivana Janů,0.07733681113071364,,False
2-3374-11_1,Dagmar Lastovecká,II. senát,1.5804931640407117e-05,0.0002630957333507251,0.000525305654066029,0.03797192007766956,0.0003063499862365233,0.0015826832424456977,0.004595742102310386,2.6182372246679154e-05,0.10882399393031225,1.623463280197623e-05,0.03206031318736715,0.00019774884967016095,0.0013576316877317045,0.003339099502223304,0.015296671788305509,0.07169733702926133,5.854538214773961e-06,0.004106972292640892,0.006224332409190511,Josef Fiala,0.10882399393031225,,False
2-3383-14_1,Jan Filip,II. senát,0.00024474804559089297,0.0011134545013254417,1.5315349903649778e-05,0.0006726283515573253,0.00026220966562924786,0.0010619062699974717,0.0002870207757768976,0.0013024723791413312,0.0244311783123957,0.0011209202533325304,3.01989605933824e-05,7.699763967266984e-05,0.002307967307590055,0.004749082127362977,0.9849918064104509,0.0031852027212489367,0.00010699738706692516,0.01251758522695445,0.00017999273750592625,Radovan Suchánek,0.9849918064104509,0.00026220966562924786,True
2-3447-21_1,Ludvík David,II. senát,0.021350635926115222,0.003229999157699291,0.0006435051362665494,0.0010419067907822934,0.0006363684662253678,0.010508688973461456,0.0009399706503766185,0.08664367245893817,0.0016882119732429387,0.0009449353320191425,0.6008814732694382,0.0007969180068655104,0.0006890815743422441,3.211249873750772e-05,0.002140019587685772,0.0004418221273243193,0.0024049492763299637,0.4463425915491434,1.4823286006089415e-06,Ludvík David,0.6008814732694382,0.6008814732694382,True
2-3528-13_1,Jaroslav Fenyk,II. senát,0.001069031905317785,0.00031357361489020157,0.00048716743727435127,0.0008166541577927492,0.0001975693484449391,0.004429148529946607,0.00047082159393002876,0.0002774319671852736,0.0023726202826694943,1.493654099548475e-05,0.0006573487104888734,0.004410534908684487,0.030587314455763858,0.00046776525130424963,0.36275846526382477,0.013047752544158386,0.0015648080819037865,0.0012743126616455206,5.2655608329791566e-05,Radovan Suchánek,0.36275846526382477,,False
2-3608-10_1,Eliška Wagnerová,II. senát,0.0027453671090149853,0.0027499730627322714,0.00014114169042228546,0.002609464883291888,0.0003365707492713283,0.0014875885923258518,0.021617150188256395,0.0015623541870837681,0.0038386213881237904,3.9021180996687e-05,0.0057428130501838036,0.000233342787605094,0.002313322404904187,0.00016546047183295295,0.7319475442455631,0.003307335883241288,0.00015285390416207387,0.019117242136159514,0.00011859408868006039,Radovan Suchánek,0.7319475442455631,0.0027499730627322714,True
2-3634-11_3,Pavel Rychetský,II. senát,0.0053078271298677565,0.0017104819212227335,0.0007293443488022871,0.03882102636760349,0.00026568731007900053,0.017692271263971392,0.00043181001044612354,0.0001722518795489585,0.0006290325219478583,0.0001300785501502424,0.0004478068548068038,0.004250268582040755,0.00048370235911783483,0.0009485440982911809,0.18341124758599206,0.0031332392326657143,6.956993164964325e-05,0.00019018050776501344,0.008405320515811365,Radovan Suchánek,0.18341124758599206,,False
2-3647-10_1,Jiří Nykodým,II. senát,6.367933207701347e-05,0.14788608014424534,0.0011297592202732212,0.035050223468564824,0.0008986567320226727,0.006600028212529713,0.0024915851814393546,4.736990526897548e-05,0.00021223381467147846,0.18008714865407546,0.05119852025182415,0.0049167237392657385,6.563759303546563e-05,5.7524435340433157e-05,0.19095073169315666,0.0004059480029766986,9.28917838822053e-05,0.0008279852095111423,0.0006099827117709999,Radovan Suchánek,0.19095073169315666,0.0024915851814393546,True
2-3694-13_2,Vojtěch Šimíček,II. senát,0.000604723315242559,5.0541989186874836e-05,0.0003753598932662912,0.003381601465358716,0.0033934704908548993,0.012281398748103087,0.0017855648919555393,0.0001599864250577408,7.148760403479141e-05,0.00035459736496692886,0.05935219539018427,0.004334778953574912,0.0005408013846033554,0.00013887981120808986,0.08291087265073835,0.004565540292554061,0.0016427569829625805,0.0032675080566584996,0.0547924945085357,Radovan Suchánek,0.08291087265073835,0.0547924945085357,True
2-431-11_1,Dagmar Lastovecká,II. senát,4.831105026210596e-05,0.0007636407115790087,0.00036113877070807483,0.0415784793667089,0.000617302037878669,0.002404142391965686,0.00041714641961453476,0.008498076730118691,0.0017887258788213962,1.001884049156384e-05,0.011507435783660227,0.0007987770906197221,0.0038525186041247455,0.00031622662120068065,0.774590242096332,0.004781765027147471,0.0019152718570776665,0.03871723567337811,1.3728563326295502e-05,Radovan Suchánek,0.774590242096332,,False
2-528-02,Stanislav Balík,II. senát,0.0031956052087198025,0.001097733220121535,0.006467724869364548,0.02413710391906502,0.0006061153138615156,0.001078450751368614,0.44746665127005547,0.0071164745406405525,0.0022447769955751587,7.704300621358933e-06,0.0003714699704711899,0.0025799007925602566,1.991303224181203e-05,0.013767092789452854,0.021487541250684094,0.004960800310083556,7.236931175415223e-06,0.008460795011607814,0.0005948050363130623,Jiří Nykodým,0.44746665127005547,0.004960800310083556,True
2-546-02,Michaela Židlická,II. senát,0.008268659207468679,0.0005444533656696503,0.00022300001544312567,0.4293345200166273,0.00015559917772603628,0.018898941585459104,0.008599689211228119,0.00019092381315967058,0.009549094272832511,0.00043507162627631557,5.5684913533287066e-05,0.0003195968794306804,0.004408995138876621,0.0022639238549558237,0.00133995390080843,0.07695862916003962,2.729862297096761e-06,0.0027853863952605165,0.0005965094470330619,Ivana Janů,0.4293345200166273,0.0003195968794306804,True
2-549-06,Jiří Nykodým,II. senát,0.007487082738400893,0.08580243242216365,0.00017481501634902366,0.010309787020147461,0.0003907052736322561,0.028180409838158744,4.180206907614201e-05,0.00033105939285790997,7.23774952636621e-05,0.001564650516126742,0.0010695664908014647,0.0011486372939501475,0.01434620916105434,0.0023320149363568986,0.001793656566133191,0.00030194137556954656,5.368846904259709e-05,0.0020454408664559868,0.0001388524888490382,Eliška Wagnerová,0.08580243242216365,4.180206907614201e-05,True
2-597-02,Michaela Židlická,II. senát,4.911451474320203e-05,0.18642567063618876,0.00028008781144763493,0.33596119264608754,0.00031151466845118545,0.0021951035919388663,0.0033122919112448753,0.000147666001347856,6.044534662226556e-05,0.03709252727124143,0.00649798346240254,0.019299678565244074,0.0011518729700914368,0.0029479903481442397,0.0003384346730686419,0.005761269939892027,0.00011834703599533539,0.006927740992138305,0.0014692591370159304,Ivana Janů,0.33596119264608754,0.019299678565244074,True
2-623-2000,Vojtěch Cepl,II. senát,0.012952516148573316,0.005482904263947386,0.0023833794567167336,0.062130445963338395,0.0005268505714353273,0.009517713843852287,0.004965841304398277,0.0002466897859703411,0.0006785769086309308,9.423992084394214e-05,0.00026794218973228616,0.0015861272623622635,0.0012294445060667776,0.043947083531178814,0.008082221415241665,0.09885407963787243,1.2436409127476732e-06,0.0012415969085388875,0.0002576685320475136,Stanislav Balík,0.09885407963787243,,False
2-657-22_1,Milada Tomková,II. senát,0.0004985127777060835,0.00013842218600088136,0.0003335014060708051,0.17656677977401444,0.001082761197439912,0.0032434409543429144,0.01297866508110128,0.003612611742861828,0.0020353559294067776,0.002865910010979533,0.019116653223051106,0.0028462858454674483,0.0004242949414824176,0.001626531128479535,0.001770489428492265,0.011136878234798963,0.0006181887615949442,0.8117110953047106,0.0002662845496045476,Vladimír Sládeček,0.8117110953047106,,False
2-658-14_1,Radovan Suchánek,II. senát,0.00019255688332013004,0.0007259255905794489,0.0009295723305538672,0.12923312260700548,0.00044157344026232205,0.000852883223578815,0.0016507921635728526,0.0007667691139142626,0.0011199942696578618,0.00018225354563194005,0.0005819809085761376,0.0005928538468514692,0.004935144563922638,0.00015140944750364894,0.6496005849434803,0.02931189642615095,0.0023552465668546588,0.004825526346998417,4.014601637787377e-05,Radovan Suchánek,0.6496005849434803,0.6496005849434803,True
2-715-04,Dagmar Lastovecká,II. senát,0.0013143349636233345,4.860235704487347e-05,0.00018476605369993252,0.9262056435311667,2.999049968563862e-06,0.18194146740826284,0.009973754087105971,0.0003981619080547405,0.0015015649900840407,4.140255249618449e-05,0.0004568005690799565,0.0008263336951100815,0.02103320487820497,0.011418759688706401,0.0037485867150851785,0.008656748777473808,5.369202271155828e-06,0.000411499890235013,0.003443242963837375,Ivana Janů,0.9262056435311667,,False
2-725-18_2,Kateřina Šimáčková,II. senát,0.0006370887962843973,0.0042067668765734985,0.0003985641523412959,0.1379658590567228,0.006419036130542081,0.058475659133813515,0.0008456941442373381,0.0010024618634926533,0.00012452683844014608,0.09911468928755554,0.021738523124139358,0.00030720127360925803,0.0010747577283318184,0.00035080121813842554,0.06930008564843017,0.002065068688193402,9.205124125466901e-05,0.03998546737279109,0.00013308448401582222,Ivana Janů,0.1379658590567228,0.09911468928755554,True
2-773-07_2,Jiří Nykodým,II. senát,0.0008344987045549271,0.0004236026506270434,0.0005273218038102546,0.02674885294699536,0.001720136184386005,0.0020898494783577787,0.00073190054716653,0.0009646049578771937,0.004652723372858962,0.0009273870848064094,0.00016227168101475866,0.0020195961538812977,0.00010274071828644192,0.0011528319527219786,0.026421771576108425,0.01139535730356484,0.00039451371735846975,0.013040882463019337,0.0010344921234506496,Ivana Janů,0.02674885294699536,0.00073190054716653,True
2-775-06_1,Dagmar Lastovecká,II. senát,0.0034790407841882947,0.0032357533573711683,0.002384617248508165,0.9208732619362263,6.682147750063294e-05,0.01824582961813926,0.00015057254562883643,0.0001039091636896442,0.0012310525332050008,0.0001290690711963838,5.869743272389902e-05,0.0028982491024134027,0.004343013987355502,0.002946585187647113,0.0007344342827793095,0.12347943490007467,0.00024229944023970707,0.006685589735475942,0.0006853014428310078,Ivana Janů,0.9208732619362263,,False
2-87-04,Jiří Nykodým,II. senát,0.00019963175559557903,0.016998135735587155,0.0002788457524768763,0.632915354185349,0.0011161927585111567,0.06829357301996831,0.007954840995822663,0.00011838882134525302,6.903590698667123e-05,0.000312917680266145,0.0005158649756876123,0.001264979621070326,0.0023675302610477486,0.009140042814659645,0.000414779266914249,0.0002473283765353021,2.7271565040208755e-05,0.0003167092918828305,0.002427518447629695,Ivana Janů,0.632915354185349,0.007954840995822663,True
2-96-09_1,Stanislav Balík,II. senát,0.0001016162614324774,0.00045924893971623906,0.005329328722120292,0.8384447491866618,2.667932599061216e-05,0.0008488454547601012,0.010947657533265001,0.0007028670888610865,0.0023934525526020166,6.16660748994355e-05,0.00022630020880809215,0.00018864443285158052,0.006319583076364696,0.0002685364548531867,0.19703250277206447,0.17939970525304028,0.0013343219457032929,0.0031019739850648947,0.0004705152645819427,Ivana Janů,0.8384447491866618,0.17939970525304028,True
2-96-97,Vojtěch Cepl,II. senát,0.006299831142758239,0.003589989287351748,0.00639205593643739,0.02185208663276049,0.000216449734035994,0.022317471199951398,0.0018352662620779686,0.006612507360588625,0.00011882213110659424,0.00011029175363480897,0.0005069776932085708,0.0039208971740128115,0.0014089589755921787,0.008848730126776902,0.005730857332486988,0.006208394134711037,2.8121071926972344e-05,0.012959765856469378,0.0004640840368537369,Jan Musil,0.022317471199951398,,False
3-1047-16_1,Jan Filip,III. senát,0.00022425782460281778,0.0021213949026970924,0.0001015284421997207,0.17928576327083517,0.000635846730434383,0.003080207424212664,0.00021269211990490724,0.0010674715135741192,0.011068797722136354,3.799438005629039e-05,0.000770652245591031,0.00027379529738083953,0.004981812318805873,0.0005065613020633086,0.015023734593988184,0.018280701282275255,0.0010306576928067147,0.002593197687232094,2.2057095187279902e-05,Ivana Janů,0.17928576327083517,0.000635846730434383,True
3-1121-20_1,Vojtěch Šimíček,III. senát,0.0004775903891170519,0.0006987190769949095,0.00036120580248813136,0.003932946097529425,0.00051507528266646,0.00040785466170782664,0.014247363479173075,0.00011875968837335899,0.0010427899725690495,0.00033999751721921063,0.0011857880417786158,0.0004791139235121799,0.0042744040924260936,0.00048576930311336415,0.6282435872469535,0.009466558360665242,0.000625670860494468,0.044600567119513844,0.0027357957534488364,Radovan Suchánek,0.6282435872469535,0.0027357957534488364,True
3-1129-07_1,Jiří Mucha,III. senát,2.8522116605430103e-06,0.002127924392726077,0.0023591850114408645,0.007635722479295608,0.004177094546476938,0.029601908684889995,5.9884191935282566e-05,0.03141329562940705,0.04303274120461836,1.0094526948175157e-05,0.002883882575494702,0.00032917668773535416,0.0006666236952147646,0.00022003059554455586,0.5844169095611597,0.0009286983704108757,0.019359950313526348,0.016347864151842622,6.068463882955855e-07,Radovan Suchánek,0.5844169095611597,,False
3-1211-20_1,Vojtěch Šimíček,III. senát,0.0018441274962211827,0.0001458154779807592,0.0005600497139369114,0.1646869885470381,0.0003880660920513417,0.006219096180754744,0.0031681825537140623,2.2950970073231723e-05,0.00013650060655637063,0.0007195574895802168,0.0037288220722241946,0.00011056302260236377,0.030229522121295982,0.005733284427311578,0.008507102163886901,0.007514522068278748,1.969532358292644e-06,0.0002743055378511166,0.03545899522577033,Ivana Janů,0.1646869885470381,0.03545899522577033,True
3-124-20_1,Vojtěch Šimíček,III. senát,0.001913948066516784,0.001517451100757354,0.00012057731942526102,0.0010846476168627883,0.0004218025947898207,0.000979367669079874,0.006236820101555389,0.00037220791739551323,0.004210150903043693,4.3840529380598636e-05,0.0025607658380553166,0.00027042339927233134,0.0022616808469696297,0.0001566939104023796,0.3448890034687814,0.006926471609605463,7.024052751474627e-05,0.0032658414463615855,0.0036958921862014506,Radovan Suchánek,0.3448890034687814,0.0036958921862014506,True
3-1283-17_1,Radovan Suchánek,III. senát,0.0007351688944298525,0.00021541860856327176,3.6663435727768514e-05,0.04626192741143629,0.0008619424791805569,0.18675964328644826,0.0008707869922293689,0.009605337383549413,0.006067620626432246,0.0004899270480188617,0.02242527401161998,0.00029921127904613686,0.0328930578267389,8.906154999477746e-05,0.015312694220499577,0.0038378717686513215,1.7276389379620664e-05,0.022204064188091475,0.00012185914772516443,Jan Musil,0.18675964328644826,0.015312694220499577,True
3-149-20_2,Vojtěch Šimíček,III. senát,0.00010718661421679793,0.0008675783340061455,0.00022764776365862284,0.008091485911093502,0.0018061095769037773,0.001489036438279714,0.01526681635704147,0.000380507490506103,0.00017081845918734938,0.00476241987189587,0.0008798234768221384,0.0004380137290631188,0.0024630420712032286,0.0007004343012097875,0.3382251627574303,0.003278151218371932,0.0010387479605391738,0.03419371307175672,0.0024966686371418437,Radovan Suchánek,0.3382251627574303,0.0024966686371418437,True
3-1669-11_1,Jan Musil,III. senát,0.0004211279601978718,0.01873981011036271,0.0002260118448379977,0.03117499851981936,8.823504100886477e-05,0.027460209664730666,0.021416696311053394,0.020878862272309996,0.004045106831023845,0.004860890007654644,0.04087945281656327,0.00020067844740316628,0.0003521644085983542,0.0015608121848342674,0.01971542656587763,0.0012586389679883662,0.0002629289502231816,0.02170410676345048,1.3901054102857019e-05,Ludvík David,0.04087945281656327,0.027460209664730666,True
3-1765-21_2,Vojtěch Šimíček,III. senát,0.00015868765871977363,0.004137431811277472,0.000215315882294775,0.0061746962197737,0.0024784120148151267,0.00030782933240515686,0.003759265649334795,0.0017828364556115692,0.0002964143715035356,0.0010698753587499797,0.0009841449467332137,0.00012369293213197906,0.006377870985411489,0.001635693085012866,0.30242090071317024,0.008854824861788107,0.0003373980879660489,0.01689528020098963,0.002098770977053125,Radovan Suchánek,0.30242090071317024,0.002098770977053125,True
3-1773-19_1,Jiří Zemánek,III. senát,0.00028030456073395134,0.00017393186562006697,0.00042839643435601,0.006170789332935482,0.0010568099589789554,0.054109285038125864,0.0018618866959497005,0.0001693191674692386,0.01644054423718604,9.00578560298993e-05,0.0001426830241109811,0.00024789111948533615,0.017537933618212716,0.0025388559878669844,0.005577581787751974,0.07058622996585197,3.153356615305846e-05,0.012066557141359163,0.00010681533347482349,Stanislav Balík,0.07058622996585197,0.0001693191674692386,True
3-183-03,Jiří Mucha,III. senát,6.712268008985166e-05,0.0001309853930258797,0.0013369627501165049,0.11477754904914517,0.0017971924444879057,0.002452367487929704,0.001519425908187187,7.995133792347717e-05,0.00172471145388277,0.00047400476217172556,0.00010338166970140285,0.015565922036460565,0.00932128317144094,0.003954906389710528,0.0010579522655918962,0.014040112630885764,0.00035083282956479856,0.0006465723354818887,0.0021555026950448113,Ivana Janů,0.11477754904914517,,False
3-1862-16_1,Milada Tomková,III. senát,0.0014508160011093894,0.004464923585557846,0.0005918059780916127,0.003192281191446533,0.00019012155697838097,0.006638318960936315,0.005613571603366254,0.0010003140146001858,0.009715842494987395,0.000410205269459588,0.00025008316259696986,0.0009206041026935576,0.000868994092750524,0.001635936820319188,0.042677719702672666,0.021043356026087902,0.0004418248158913744,0.006733736964237145,0.0005628289398330103,Radovan Suchánek,0.042677719702672666,,False
3-1889-20_1,Vojtěch Šimíček,III. senát,0.0007762771491000814,0.0001420114900773885,0.0002597804202217108,0.0020551872210347387,0.0003573477747840114,0.01087670102079501,0.002370480969200153,9.305888964134256e-05,0.00019438658409050841,0.0011213497078998063,0.001848492357500072,0.0008304135661764078,0.0005781323196672381,0.0012860662652728436,0.5803358492771205,0.014485769457557675,0.0009236965837507331,0.019251853349893336,0.07815965708222046,Radovan Suchánek,0.5803358492771205,0.07815965708222046,True
3-1908-22_1,Jiří Zemánek,III. senát,0.00040908432893718623,1.5780362586220303e-05,0.00413688330826109,0.003816121158394365,0.35207870966692295,0.0005550389530676802,2.4739496335258797e-06,9.376613096077961e-05,0.7721273560617252,0.0002630237298230294,0.0004502720286834645,7.501919830671299e-05,3.1116238561109464e-05,9.442876499169901e-05,0.007275516863161892,0.01512990871440782,0.0025314623952892917,0.14953188312295987,6.255034659353172e-06,Josef Fiala,0.7721273560617252,9.376613096077961e-05,True
3-1909-22_1,Ludvík David,III. senát,0.00040908432893718623,1.5780362586220303e-05,0.00413688330826109,0.003816121158394365,0.35207870966692295,0.0005550389530676802,2.4739496335258797e-06,9.376613096077961e-05,0.7721273560617252,0.0002630237298230294,0.0004502720286834645,7.501919830671299e-05,3.1116238561109464e-05,9.442876499169901e-05,0.007275516863161892,0.01512990871440782,0.0025314623952892917,0.14953188312295987,6.255034659353172e-06,Josef Fiala,0.7721273560617252,0.0004502720286834645,True
3-1922-22_1,Ludvík David,III. senát,0.00040908432893718623,1.5780362586220303e-05,0.00413688330826109,0.003816121158394365,0.35207870966692295,0.0005550389530676802,2.4739496335258797e-06,9.376613096077961e-05,0.7721273560617252,0.0002630237298230294,0.0004502720286834645,7.501919830671299e-05,3.1116238561109464e-05,9.442876499169901e-05,0.007275516863161892,0.01512990871440782,0.0025314623952892917,0.14953188312295987,6.255034659353172e-06,Josef Fiala,0.7721273560617252,0.0004502720286834645,True
3-1961-15_1,Jan Musil,III. senát,0.0001892669433380007,0.0050903517067350515,0.00022819069461548877,0.08251064940449905,0.0007091855233272414,0.15189307668518068,0.002282904960449284,0.028159398255948185,0.018378003990517776,0.00036946434519675645,0.036366715875840096,0.00014174291291742822,0.0001715023383297509,9.544113063023972e-05,0.004549198726464985,0.003073583675371191,0.00030032129176088307,0.03092078355803133,7.612258201473747e-06,Jan Musil,0.15189307668518068,0.15189307668518068,True
3-2001-09_2,Jiří Mucha,III. senát,1.5167707621019633e-05,0.006435524652224777,0.0012878629212722229,0.003804119726558214,3.621929779191646e-05,2.4599794495294196e-05,0.0003042299972061769,0.14660237087443878,0.015474763262419467,1.1396531822674823e-06,0.00021791574439622617,0.00010189488678731744,0.00029987971057884947,0.0006644050513471545,0.9096504092853148,0.09996916397715273,0.3212004189256104,0.0028521933110642957,3.5794149881518e-05,Radovan Suchánek,0.9096504092853148,,False
3-2039-20_1,Radovan Suchánek,III. senát,0.0002183984777154811,0.00035090541282649195,5.399031793665773e-05,0.0001505696762701975,1.3472533511462114e-05,0.0006039775719847341,0.002552960598235508,0.004316487613466233,0.002385664846715974,0.00012571017604402648,0.006520469811188152,0.0010089275253825206,0.27974237590855866,0.005223701196845286,0.022645143091064246,0.011264540792772329,3.3289894211283056e-05,0.00022514021073100703,0.0013754558314353767,Miloslav Výborný,0.27974237590855866,0.022645143091064246,True
3-2092-22_1,Jiří Zemánek,III. senát,0.0004516518338592899,1.0231885193500833e-05,0.004385770403330357,0.005285067115276704,0.2826703674455317,0.0005128700468428237,3.2035868526630657e-06,9.017747748948041e-05,0.6395724870963005,0.0004365872342421878,0.001018250479154335,9.490467662869755e-05,3.520172801720081e-05,9.862799236613668e-05,0.007384292079551916,0.02334579573396832,0.003227935346705188,0.1872160785809644,9.594434966640773e-06,Josef Fiala,0.6395724870963005,9.017747748948041e-05,True
3-2116-21_1,Vojtěch Šimíček,III. senát,0.0008570633512360142,0.0003853197939668077,0.0004136336509632553,0.006568128556540549,0.0001506179264960579,0.016445835588939264,0.01279417380973823,0.000605757178536765,0.00011397099932106166,0.005083829691870607,0.00184330988199241,0.0008671406226262552,0.001754888094733857,0.002818950034633971,0.01610848047484978,0.0013061763353840546,0.00019032528671098547,0.0013459650127461598,0.03989696006287195,Vojtěch Šimíček,0.03989696006287195,0.03989696006287195,True
3-2126-22_1,Vojtěch Šimíček,III. senát,0.0005648215419936303,1.0652989495693348e-05,0.005094314669559667,0.0038562390763156686,0.24387928096981137,0.00023522465625942595,3.2423335025680356e-06,0.0001267837147852964,0.5398719432067103,0.0005615407383352058,0.0008183418308912162,0.00010601229639427363,1.854583923883991e-05,0.00012674301747008448,0.010654193276835824,0.044185303350169305,0.0022888483058279936,0.218331973939379,9.918063609676934e-06,Josef Fiala,0.5398719432067103,9.918063609676934e-06,True
3-2128-22_1,Jiří Zemánek,III. senát,0.00040908432893718623,1.5780362586220303e-05,0.00413688330826109,0.003816121158394365,0.35207870966692295,0.0005550389530676802,2.4739496335258797e-06,9.376613096077961e-05,0.7721273560617252,0.0002630237298230294,0.0004502720286834645,7.501919830671299e-05,3.1116238561109464e-05,9.442876499169901e-05,0.007275516863161892,0.01512990871440782,0.0025314623952892917,0.14953188312295987,6.255034659353172e-06,Josef Fiala,0.7721273560617252,9.376613096077961e-05,True
3-2141-22_1,Jiří Zemánek,III. senát,0.00040908432893718623,1.5780362586220303e-05,0.00413688330826109,0.003816121158394365,0.35207870966692295,0.0005550389530676802,2.4739496335258797e-06,9.376613096077961e-05,0.7721273560617252,0.0002630237298230294,0.0004502720286834645,7.501919830671299e-05,3.1116238561109464e-05,9.442876499169901e-05,0.007275516863161892,0.01512990871440782,0.0025314623952892917,0.14953188312295987,6.255034659353172e-06,Josef Fiala,0.7721273560617252,9.376613096077961e-05,True
3-2142-22_1,Ludvík David,III. senát,0.00040736775156119474,1.60185340065322e-05,0.004160159477640078,0.004031639948871319,0.3504249094061218,0.0005696956678030458,2.551851266740259e-06,9.29791163566252e-05,0.7649019608058085,0.0002605780102120983,0.00043708244083541303,7.617256579988785e-05,3.059678352296656e-05,9.65207937394313e-05,0.007303151024773802,0.01524198459629821,0.002531501742564451,0.14869906206512082,6.05413993751247e-06,Josef Fiala,0.7649019608058085,0.00043708244083541303,True
3-2154-22_1,Ludvík David,III. senát,0.00040736775156119474,1.60185340065322e-05,0.004160159477640078,0.004031639948871319,0.3504249094061218,0.0005696956678030458,2.551851266740259e-06,9.29791163566252e-05,0.7649019608058085,0.0002605780102120983,0.00043708244083541303,7.617256579988785e-05,3.059678352296656e-05,9.65207937394313e-05,0.007303151024773802,0.01524198459629821,0.002531501742564451,0.14869906206512082,6.05413993751247e-06,Josef Fiala,0.7649019608058085,0.00043708244083541303,True
3-2171-17_5,Radovan Suchánek,III. senát,0.00030294504692665613,0.0003176734832813031,0.0005944464709956939,0.057937664222682005,0.00029235284055330026,0.012575423249186028,0.0031433726717051834,0.0013001776592561707,0.00035049792763563775,0.00045420584528118685,0.00492233141602771,0.007688137940083448,0.009599374253382125,0.00040062492054949273,0.030285395539497894,0.009540492551795182,0.001232591898243722,0.013248521449893717,0.0004940552257434153,Ivana Janů,0.057937664222682005,0.030285395539497894,True
3-22-20_2,Vojtěch Šimíček,III. senát,0.0008818439804217201,0.0015359983792844663,0.00041866037183542254,0.0011485980210074684,0.000566165440826648,0.006879861732532368,0.0024423020862083767,0.0008175849134684388,0.0002130048130289614,0.0010741552854134854,0.0009107683264842908,0.0006045282774482499,0.001120833807261703,0.0025847525886924603,0.20169660901153694,0.003245080447198822,0.00010258127476358573,0.0036302212635210256,0.0024666597490976914,Radovan Suchánek,0.20169660901153694,0.0024666597490976914,True
3-2269-20_1,Jiří Zemánek,III. senát,0.00020214860918637406,0.00349764851778616,0.00017240578792911558,0.02292042526746785,8.279997405255405e-05,0.0020063996028039407,0.0004704174045120205,0.03624010823707113,0.03523913175166696,0.0039459236676424965,0.016988271527128236,0.00023511942202289788,0.0002902498021916142,0.0001848981457584361,0.033629143850856365,0.005489945927075261,0.0019329738234957789,0.03696075478850058,0.0002046286986319345,Vladimír Sládeček,0.03696075478850058,0.03624010823707113,True
3-2276-22_1,Ludvík David,III. senát,0.00040908432893718623,1.5780362586220303e-05,0.00413688330826109,0.003816121158394365,0.35207870966692295,0.0005550389530676802,2.4739496335258797e-06,9.376613096077961e-05,0.7721273560617252,0.0002630237298230294,0.0004502720286834645,7.501919830671299e-05,3.1116238561109464e-05,9.442876499169901e-05,0.007275516863161892,0.01512990871440782,0.0025314623952892917,0.14953188312295987,6.255034659353172e-06,Josef Fiala,0.7721273560617252,0.0004502720286834645,True
3-2289-22_1,Ludvík David,III. senát,0.00040908432893718623,1.5780362586220303e-05,0.00413688330826109,0.003816121158394365,0.35207870966692295,0.0005550389530676802,2.4739496335258797e-06,9.376613096077961e-05,0.7721273560617252,0.0002630237298230294,0.0004502720286834645,7.501919830671299e-05,3.1116238561109464e-05,9.442876499169901e-05,0.007275516863161892,0.01512990871440782,0.0025314623952892917,0.14953188312295987,6.255034659353172e-06,Josef Fiala,0.7721273560617252,0.0004502720286834645,True
3-2300-22_1,Jiří Zemánek,III. senát,0.00040908432893718623,1.5780362586220303e-05,0.00413688330826109,0.003816121158394365,0.35207870966692295,0.0005550389530676802,2.4739496335258797e-06,9.376613096077961e-05,0.7721273560617252,0.0002630237298230294,0.0004502720286834645,7.501919830671299e-05,3.1116238561109464e-05,9.442876499169901e-05,0.007275516863161892,0.01512990871440782,0.0025314623952892917,0.14953188312295987,6.255034659353172e-06,Josef Fiala,0.7721273560617252,9.376613096077961e-05,True
3-2301-14_1,Jan Filip,III. senát,0.0017712555625339172,0.0030557276848632896,0.0007608936830700827,0.013816103810763525,0.00017011181541373474,0.0008492399400757151,0.0013043212187079146,0.005552243874561034,0.0006455909605989989,0.00011773502670521657,0.000751690381350663,0.0005609629709283594,0.0007659627247042032,0.02117199152231854,0.3217073011478719,0.010794868415495802,5.433915583908548e-05,0.002112111207449209,0.00022064965415771376,Radovan Suchánek,0.3217073011478719,0.00017011181541373474,True
3-2301-22_1,Ludvík David,III. senát,0.00040908432893718623,1.5780362586220303e-05,0.00413688330826109,0.003816121158394365,0.35207870966692295,0.0005550389530676802,2.4739496335258797e-06,9.376613096077961e-05,0.7721273560617252,0.0002630237298230294,0.0004502720286834645,7.501919830671299e-05,3.1116238561109464e-05,9.442876499169901e-05,0.007275516863161892,0.01512990871440782,0.0025314623952892917,0.14953188312295987,6.255034659353172e-06,Josef Fiala,0.7721273560617252,0.0004502720286834645,True
3-2325-19_1,Radovan Suchánek,III. senát,0.0008335754499487799,0.001014799490288043,0.0015084591081829734,0.007985352749062107,9.340967156070007e-05,0.0006968139884684658,0.004884960588230182,0.17499253569195483,0.0022571180855464304,0.0001976451008905054,0.0019124665021049208,0.0002925129463571992,0.0012358608561411687,0.0003771188840991764,0.014908403176835021,0.0027356188054452986,0.0038265482337825874,0.03342934716102262,0.0004851489107770571,Jiří Zemánek,0.17499253569195483,0.014908403176835021,True
3-2329-21_1,Radovan Suchánek,III. senát,1.877537170707254e-05,0.0020369639622300744,6.18724786618651e-05,0.004154158983248641,6.88210394820848e-05,5.117857151220909e-05,9.986963364936752e-05,0.0005874041581283297,0.021895737325367755,2.877823434409331e-05,0.002362098675679349,8.370306071972728e-05,0.00017556177607178038,0.0001810762705647768,0.31019745089237594,0.9999999900000432,0.0041265699307072405,0.001958723813134264,0.00013731663678984867,Stanislav Balík,0.9999999900000432,0.31019745089237594,True
3-2386-22_1,Jiří Zemánek,III. senát,0.00040908432893718623,1.5780362586220303e-05,0.00413688330826109,0.003816121158394365,0.35207870966692295,0.0005550389530676802,2.4739496335258797e-06,9.376613096077961e-05,0.7721273560617252,0.0002630237298230294,0.0004502720286834645,7.501919830671299e-05,3.1116238561109464e-05,9.442876499169901e-05,0.007275516863161892,0.01512990871440782,0.0025314623952892917,0.14953188312295987,6.255034659353172e-06,Josef Fiala,0.7721273560617252,9.376613096077961e-05,True
3-2387-22_1,Ludvík David,III. senát,0.00040908432893718623,1.5780362586220303e-05,0.00413688330826109,0.003816121158394365,0.35207870966692295,0.0005550389530676802,2.4739496335258797e-06,9.376613096077961e-05,0.7721273560617252,0.0002630237298230294,0.0004502720286834645,7.501919830671299e-05,3.1116238561109464e-05,9.442876499169901e-05,0.007275516863161892,0.01512990871440782,0.0025314623952892917,0.14953188312295987,6.255034659353172e-06,Josef Fiala,0.7721273560617252,0.0004502720286834645,True
3-2408-22_1,Vojtěch Šimíček,III. senát,0.0005648215419936303,1.0652989495693348e-05,0.005094314669559667,0.0038562390763156686,0.24387928096981137,0.00023522465625942595,3.2423335025680356e-06,0.0001267837147852964,0.5398719432067103,0.0005615407383352058,0.0008183418308912162,0.00010601229639427363,1.854583923883991e-05,0.00012674301747008448,0.010654193276835824,0.044185303350169305,0.0022888483058279936,0.218331973939379,9.918063609676934e-06,Josef Fiala,0.5398719432067103,9.918063609676934e-06,True
3-2410-18_1,Radovan Suchánek,III. senát,0.0003822725065614371,0.0012807626097190966,0.001262118166753251,0.016511314339336017,0.00047639003987104894,0.09488593842321487,0.006509743796409,0.0013721857887519962,0.0037207308322172693,0.00039762378454366305,0.0014856860671196917,0.0018531136216467733,0.0010175625877623321,0.0004904054191067944,0.00577598878277389,0.007211043263430841,0.00014068632934112292,0.0012190514552655708,0.0005993497756371026,Jan Musil,0.09488593842321487,0.00577598878277389,True
3-2498-19_2,Jiří Zemánek,III. senát,0.00033076038018940213,0.005638622345241049,0.0002477727961573152,0.15095845060593532,0.00034984789290575934,0.114729447340855,0.0007601341033724845,0.009499126408150132,0.09242731655423927,0.0033662072344871055,0.021989366404425847,0.0004302480643082772,0.00023491541509027412,0.0005329392658759925,0.0014408416419978043,2.0085593913410793e-05,0.00014380767175311974,0.02338915360057958,0.000532569291594798,Ivana Janů,0.15095845060593532,0.009499126408150132,True
3-2616-22_1,Vojtěch Šimíček,III. senát,0.00047684106785042134,1.5511869484227118e-05,0.004862669313059404,0.0028556400393225908,0.3165022569923444,0.00025981098343416014,2.469747002390865e-06,0.00014372033906642328,0.6860976211063805,0.00032081349320280334,0.0003657616158539547,8.385831250820247e-05,1.7587101033910506e-05,0.00011346498960083042,0.010848679861224569,0.029177871286835733,0.001716284370800339,0.17727777662051555,6.348839741317466e-06,Josef Fiala,0.6860976211063805,6.348839741317466e-06,True
3-2686-22_1,Jiří Zemánek,III. senát,0.00045162208872920713,1.0240841444359927e-05,0.00438726997976601,0.005265822514652108,0.2820899239746464,0.0005113081297678968,3.2022108738884816e-06,9.020922324469877e-05,0.6399358322288342,0.00043579335463231887,0.0010202353582317836,9.495564682149468e-05,3.521619960771857e-05,9.860341640405852e-05,0.007351942233083253,0.023335004867933117,0.003226864484309043,0.18667465875292819,9.58992109267578e-06,Josef Fiala,0.6399358322288342,9.020922324469877e-05,True
3-2699-22_1,Ludvík David,III. senát,0.00040734686616490624,1.6027797177158402e-05,0.004161173014421701,0.004021589961172194,0.3500045532192084,0.0005685496017603462,2.551181302637077e-06,9.299469619448165e-05,0.7650918978453464,0.00026026523886831844,0.0004375927875829573,7.620004498459124e-05,3.060725711363265e-05,9.652083077312132e-05,0.007282307105507432,0.015235447940193129,0.0025310112426287085,0.1484104131861902,6.0524065600509684e-06,Josef Fiala,0.7650918978453464,0.0004375927875829573,True
3-2707-18_2,Radovan Suchánek,III. senát,0.0006814474309816318,6.637808675056053e-05,0.0001384834293948299,0.13055498744855043,0.001117004485846204,0.48143456345195734,0.0011928843734294288,0.007927768691175653,0.0030747225939662037,0.0015681546032560818,0.007851977213788332,0.00015993567695723383,0.001688920969977427,6.613863395528251e-05,0.048602553322804554,0.019988623485173752,0.0003357850750764437,0.8658450243027375,5.7326012631635524e-05,Vladimír Sládeček,0.8658450243027375,0.048602553322804554,True
3-271-96,Pavel Holländer,III. senát,0.0002962919898431098,0.01022543486421819,0.0005909391005038034,0.2624421446313936,0.0003133173118929217,0.004241278629147196,0.00011984528820437335,0.006872481616178018,0.0046158351090909875,8.730310796306884e-05,0.00031772081660072206,0.002806883533818691,0.011097020753663816,0.00107721925692907,0.0011385013464715265,0.0004961457285901674,0.00012088733620275195,0.00011565082296556511,2.2449691857378204e-06,Ivana Janů,0.2624421446313936,,False
3-2746-22_1,Jiří Zemánek,III. senát,0.00040734686616490624,1.6027797177158402e-05,0.004161173014421701,0.004021589961172194,0.3500045532192084,0.0005685496017603462,2.551181302637077e-06,9.299469619448165e-05,0.7650918978453464,0.00026026523886831844,0.0004375927875829573,7.620004498459124e-05,3.060725711363265e-05,9.652083077312132e-05,0.007282307105507432,0.015235447940193129,0.0025310112426287085,0.1484104131861902,6.0524065600509684e-06,Josef Fiala,0.7650918978453464,9.299469619448165e-05,True
3-2747-22_1,Ludvík David,III. senát,0.00040734686616490624,1.6027797177158402e-05,0.004161173014421701,0.004021589961172194,0.3500045532192084,0.0005685496017603462,2.551181302637077e-06,9.299469619448165e-05,0.7650918978453464,0.00026026523886831844,0.0004375927875829573,7.620004498459124e-05,3.060725711363265e-05,9.652083077312132e-05,0.007282307105507432,0.015235447940193129,0.0025310112426287085,0.1484104131861902,6.0524065600509684e-06,Josef Fiala,0.7650918978453464,0.0004375927875829573,True
3-2759-16_1,Pavel Rychetský,III. senát,0.00027939072350078827,0.006698606942006482,0.0002100190942963498,0.336230724483536,0.05717510963385195,0.02772468871485656,0.013749723324374255,0.00044898001702046373,0.00032285620737906656,0.0003650603923269521,0.020322591663737597,0.00040119110524902224,0.0026864326082673574,0.00026464138651767223,0.0005023682425303669,0.0097980460757914,1.6422094767043896e-05,0.0025754472932916594,4.931931959720621e-05,Ivana Janů,0.336230724483536,,False
3-2809-09_2,Pavel Holländer,III. senát,0.00013161710576811998,0.008225736581831395,0.00860418795019989,0.7814532870111032,0.00014924034667789389,3.7567145316081394e-06,0.005217750229880811,0.11347774899352109,0.02486104896537564,1.1636746765163654e-05,6.193645707554476e-05,4.402002331880997e-05,0.0002213109902867581,0.00011260920930211543,0.5316496890266073,0.008276940425872133,0.08084445302108967,0.002396828152445556,2.441755245857263e-07,Ivana Janů,0.7814532870111032,,False
3-291-03,Eliška Wagnerová,III. senát,0.0025043797084501377,0.002253157919165479,0.00043751638693024933,0.32525387398685907,0.0004547336271127294,0.11206694127643847,0.004309975593772249,0.001842718368601183,5.767153299636493e-05,0.008872947372221484,0.004013294271022433,0.0006355149825308101,0.0004272367474915507,0.0013348138615578828,0.004101808367862282,0.026129141307585296,4.96940481127108e-06,0.02465692200646333,0.00211643875216717,Ivana Janů,0.32525387398685907,0.002253157919165479,True
3-2930-22_1,Ludvík David,III. senát,0.00045162208872920713,1.0240841444359927e-05,0.00438726997976601,0.005265822514652108,0.2820899239746464,0.0005113081297678968,3.2022108738884816e-06,9.020922324469877e-05,0.6399358322288342,0.00043579335463231887,0.0010202353582317836,9.495564682149468e-05,3.521619960771857e-05,9.860341640405852e-05,0.007351942233083253,0.023335004867933117,0.003226864484309043,0.18667465875292819,9.58992109267578e-06,Josef Fiala,0.6399358322288342,0.0010202353582317836,True
3-2943-22_1,Ludvík David,III. senát,0.00040734686616490624,1.6027797177158402e-05,0.004161173014421701,0.004021589961172194,0.3500045532192084,0.0005685496017603462,2.551181302637077e-06,9.299469619448165e-05,0.7650918978453464,0.00026026523886831844,0.0004375927875829573,7.620004498459124e-05,3.060725711363265e-05,9.652083077312132e-05,0.007282307105507432,0.015235447940193129,0.0025310112426287085,0.1484104131861902,6.0524065600509684e-06,Josef Fiala,0.7650918978453464,0.0004375927875829573,True
3-2951-22_1,Vojtěch Šimíček,III. senát,0.00045162208872920713,1.0240841444359927e-05,0.00438726997976601,0.005265822514652108,0.2820899239746464,0.0005113081297678968,3.2022108738884816e-06,9.020922324469877e-05,0.6399358322288342,0.00043579335463231887,0.0010202353582317836,9.495564682149468e-05,3.521619960771857e-05,9.860341640405852e-05,0.007351942233083253,0.023335004867933117,0.003226864484309043,0.18667465875292819,9.58992109267578e-06,Josef Fiala,0.6399358322288342,9.58992109267578e-06,True
3-2953-22_1,Jiří Zemánek,III. senát,0.0005061848535870979,2.6942951252954652e-05,0.002005601870506962,0.0018101305328651269,1.4835264100253122e-05,0.1880315654237455,0.008836682534733705,0.0003754691431622417,0.49804544203973994,4.218624451146138e-06,0.0013375760615628512,0.0006778633107182462,0.0015941600253292219,0.00031054655294951666,0.2959301134947685,0.03192896181159171,0.0001529058207990727,0.0642864316991851,0.00014772063319542413,Josef Fiala,0.49804544203973994,0.0003754691431622417,True
3-2959-10_1,Jiří Mucha,III. senát,0.0013513330612109319,0.0006092870853954114,0.0005448885617520963,0.10019073811575718,1.9771217316251868e-05,0.0015838539008369518,0.00028964013811867256,6.121275139165884e-05,0.002606155005303484,0.004075246783722294,0.000724811756106949,0.003605403011332007,0.006995143061786892,0.008117509012072616,0.0007121764137030345,0.02238319037209906,8.9692114479395e-05,0.0037771751786710994,0.0022593165937186215,Ivana Janů,0.10019073811575718,,False
3-3006-21_1,Vojtěch Šimíček,III. senát,0.00024152970216183666,0.0025624129212908154,0.00017123266805122052,0.004484520387367424,0.0002245548183432482,0.001061711774828768,0.0009321273775069451,0.0010463604320704333,0.004175051636621821,0.01543269716489687,0.0003497457002470659,0.00023778218610186807,0.001179028174827442,0.00045070566541202,0.02701052062414103,0.024310172083281137,0.0010968103112977629,0.016053824286504217,0.0005425919341810683,Radovan Suchánek,0.02701052062414103,0.0005425919341810683,True
3-3110-22_1,Vojtěch Šimíček,III. senát,0.0005321479580497629,1.0346203037456923e-05,0.0036329419406553507,0.003968942383088272,0.2352078160405594,0.0007472944083884887,4.428559842562067e-06,0.0001288768346668833,0.5358615913505377,0.00037885356643390847,0.0008829344161874384,0.00010778119036749635,5.88362214332306e-05,9.500065557599833e-05,0.008689279196088561,0.02154106821330552,0.001725603489048349,0.13540719287799674,9.253543800875706e-06,Josef Fiala,0.5358615913505377,9.253543800875706e-06,True
3-3158-07_2,Vladimír Kůrka,III. senát,2.3243937548298485e-05,0.0003170095325624477,0.001176623954762278,0.0033597236751329823,0.002263146239034205,0.026052885242849908,5.9406707198721425e-05,0.0024079621684087575,0.08045381699750992,4.278448602703984e-06,0.001069692512471078,0.00020013365029844827,0.0003338218498399039,0.00028653187390597474,0.5278461149252008,0.0018792011745449673,0.29220257863643956,0.028243701950527795,1.581522406156821e-06,Radovan Suchánek,0.5278461149252008,0.29220257863643956,True
3-3190-20_2,Vojtěch Šimíček,III. senát,0.0018549665122437995,0.0005989111945449248,0.0002748219732185405,0.003882880935688768,0.0005278338116589024,0.007777997305078406,0.006371402192611537,0.0004607619557897373,0.0006209143805018636,0.0008855203897972441,0.005063119927529054,0.0002007182610224518,0.0049654376351262785,0.0005771682660450735,0.2271106273556972,0.007253755784900133,0.00015739183880804903,0.01980043806415676,0.007382534686780064,Radovan Suchánek,0.2271106273556972,0.007382534686780064,True
3-3255-13_1,Jan Filip,III. senát,0.00029915295454015147,0.0003579985113038853,0.00010664547915101412,0.003065666949862598,0.00048696988377252816,0.05333434046191608,0.005847083080918041,0.008211405461875166,0.008431644172853787,4.0590378557956e-05,0.0008661143218648932,0.00032939528252048814,0.005490188802338005,0.00014439213707885017,0.3957491703064479,0.014691501231523426,0.00023326732892937294,0.005046246262231375,4.754518750177602e-05,Radovan Suchánek,0.3957491703064479,0.00048696988377252816,True
3-3339-20_1,Vojtěch Šimíček,III. senát,0.008768785648391765,0.001248129994473703,0.0001322328183820503,0.03405725219974713,0.010770571296818786,0.01252984381460179,0.001903199789877418,0.0013357664941762199,5.332355584917573e-05,0.06628034838982072,0.0027140757400780265,0.0003629151937076916,0.004461187789647339,0.0006740552339695106,0.008244757823197462,0.07947627947981684,0.0001356571898210766,0.020723225661885367,0.00431279093500683,Stanislav Balík,0.07947627947981684,0.00431279093500683,True
3-3386-09_1,Vladimír Kůrka,III. senát,0.00011532854730286247,0.000894183630431157,0.000397398413347785,0.005301274273410829,0.00012796864890775837,0.0014526658637568108,2.7948852227992533e-05,0.0021568775046682887,0.000816411648908233,9.753277390667295e-05,0.0009454028562214549,0.002621686321983925,0.1103406154333777,0.00018745209468376499,0.0027377917156331927,0.0010319797967289,0.5911114244887861,0.011671036321507062,3.087776908239558e-05,Vladimír Kůrka,0.5911114244887861,0.5911114244887861,True
3-3393-15_2,Jaromír Jirsa,III. senát,0.0009624737044882914,0.000934136489346712,2.997012481699212e-05,0.05183773784640281,0.0003280636634319423,0.018856251919322393,0.0023706630414876157,0.001711333480168557,0.0006290112750174021,0.00393851982043834,0.003327321495544259,0.0007088459367665641,0.0006224344575846654,0.00017946428967052268,0.02045609142683733,0.0234833003978662,0.002670894397963215,0.0546219503591984,0.0008146847525024193,Vladimír Sládeček,0.0546219503591984,,False
3-3454-21_1,Vojtěch Šimíček,III. senát,8.031431258822274e-05,7.060885767383703e-05,0.0001797725898963388,0.0010150478921714078,0.0020397994212868033,0.001496438521773572,0.005343657788441295,7.976431093213187e-05,0.0002180110057209204,3.250158555170715e-05,0.0034851867789316197,0.0005756274535023944,0.012556752459710743,3.9087998402647076e-05,0.9352856568640459,0.011839266028134223,0.00261878405492535,0.009753237454032669,0.023133534118216375,Radovan Suchánek,0.9352856568640459,0.023133534118216375,True
3-361-21_1,Vojtěch Šimíček,III. senát,0.0057368925389224,0.0017892672571584085,0.00030173759500390417,0.001351205872982866,0.001072273736406975,0.03809889590324338,0.005331774861984378,0.006469095363940277,0.0005123242495320436,8.33525776273954e-05,0.004177095637716811,0.0005716853646297576,0.001778835116801054,0.00022262777589604458,0.10475351624574054,0.0022821574548627793,0.00043486330951893735,0.09621850896941953,0.00014060071272617062,Radovan Suchánek,0.10475351624574054,0.00014060071272617062,True
3-3616-10_1,Vladimír Kůrka,III. senát,0.00021305599861279968,0.00050446429558026,0.00025166847035284817,0.009559522932476024,6.393518598087575e-05,0.002317990294113999,2.490759030731092e-05,0.00017661490484211496,0.0004988528816903852,0.00021754893260767365,0.010880198156240384,0.006025484401622501,0.030266014816206298,0.00018688959006723821,0.0028500672799816862,0.00056399484921428,0.13010267150672114,0.0023470354061624625,0.002478780037102862,Vladimír Kůrka,0.13010267150672114,0.13010267150672114,True
3-3657-19_1,Radovan Suchánek,III. senát,0.0015263169254779755,0.009865168327944878,0.001695957454893814,0.025994453010220662,0.0005220506554420952,2.9607523892181176e-05,0.0016109930735531963,0.002563902790902167,0.0001936180244792987,0.0002282246675512638,6.477297740176313e-05,0.00042511352739909626,0.0027330007930668546,0.000518386781746428,0.8324114228571571,0.02748418873368892,0.00016395465177830695,0.0017039952100721522,0.00010117061701297157,Radovan Suchánek,0.8324114228571571,0.8324114228571571,True
3-377-20_2,Vojtěch Šimíček,III. senát,0.000441760948219488,0.0013319179246101993,0.00016859558064435522,0.0015948890579594605,0.000621923051447804,0.012164316427222845,0.0014973118143482608,0.0001428402492562105,0.00035576467231050035,0.00044238914097066993,0.0029383558511580994,0.0006860515308474321,0.0011581513599026028,0.0025292365505230376,0.6853848910686106,0.013134589836213573,0.00032746928506666715,0.06813885120269011,0.023550107473803292,Radovan Suchánek,0.6853848910686106,0.023550107473803292,True
3-3804-19_1,Radovan Suchánek,III. senát,0.0010324269931810274,0.0006218207273925975,5.4508340009254246e-05,0.5010922003251946,0.000250262377569849,0.0046724550506008575,0.004059717332484761,0.20784406659503865,0.005822818439575828,1.6612971255500718e-05,0.0030945792726471493,0.0002811667049009982,0.01568643279860994,6.298750732936103e-05,0.2829098268937303,0.0013796655447919617,2.73688898834118e-05,0.03806861975185595,1.4559404134051247e-05,Ivana Janů,0.5010922003251946,0.2829098268937303,True
3-4121-18_1,Radovan Suchánek,III. senát,0.00014336044923029588,7.677861207072545e-05,6.522328628305508e-05,0.17046075690218934,0.00023226005229592272,0.007928257297187807,0.0006394612287690708,0.010641031203628285,0.0006746269533606729,0.002459744825566426,0.0025984189023823536,0.0012576730898002607,0.021307593348569683,0.00020811606922093695,0.1550358516900276,0.0012553454475966355,0.00042116657261285085,0.07092976394540113,0.0006206760779209267,Ivana Janů,0.17046075690218934,0.1550358516900276,True
3-415-15_1,Jan Filip,III. senát,5.82112952438286e-05,0.0036110579391996174,0.00012851542896200554,0.018869878726563576,0.0028135048051012345,0.00020168517298697447,0.007911787622291564,0.14434586345289221,0.0012762878574390766,4.941514389566189e-05,0.002564499511896562,0.0004817067358773196,0.014480607816910272,0.00012321773094028514,0.5950745971429325,0.0018155370829218438,0.0014137014960549958,0.021414153391001396,2.5366044802500146e-06,Radovan Suchánek,0.5950745971429325,0.0028135048051012345,True
3-449-06_2,Jiří Mucha,III. senát,0.001159697214013466,0.008794149549850316,0.0005793059315305738,0.026602496715668125,0.00021577699833993312,0.15234677075111272,0.0026894839178629648,0.009273755303053065,0.0006549407523536217,0.020649863782480904,0.0007087879939273137,0.0005522517587595711,0.0012943688765844317,0.0002965893500702449,0.1155267953004586,0.00039313425127496905,2.269213053969306e-05,0.001610321048218078,0.0005731771481832547,Jan Musil,0.15234677075111272,,False
3-450-20_1,Vojtěch Šimíček,III. senát,0.0002356963019367837,0.0005084104597903888,0.00012839066147679606,0.0012629784578575905,0.0030725872550970918,0.0013327596213571153,0.0011142746237630128,0.006494376554650712,0.0001409899539429012,4.785470784079599e-05,0.005174191716094879,0.0010692120285892158,0.005433160103064412,0.0004044318327058855,0.7820375422784396,0.014865218285885036,0.006159241288442703,0.022389316385634093,0.000309173307454045,Radovan Suchánek,0.7820375422784396,0.000309173307454045,True
3-468-11_2,Jiří Mucha,III. senát,0.00017108111387402863,0.0001050625800929361,0.0001337067788288164,0.9964059056163298,9.92556950061378e-05,0.0007100595069828853,6.92561442107211e-05,0.003597732547095824,0.004875820365517957,0.0002737359591897734,0.028321008361365016,0.0017197866056616285,0.0006865939861083147,0.0011261968664459353,0.0034224406300235708,2.6555061595731786e-05,0.008157392589262652,0.06986136909340776,0.0003723324569809718,Ivana Janů,0.9964059056163298,,False
3-61-21_2,Radovan Suchánek,III. senát,7.97786192308255e-05,0.00030499345902883197,0.012194733341622866,0.00022101577883988725,0.0003463613871180882,7.009730200204398e-05,0.0036494197572383034,0.00026192121280162227,0.030109555309496338,4.974160346442096e-05,0.0001925552563466037,0.001353867454384505,0.0011220653793172068,0.0002680241033886001,0.24221077218340953,0.2823474540019137,0.001577287110494447,0.02452616618850496,0.0014022396687846162,Stanislav Balík,0.2823474540019137,0.24221077218340953,True
3-655-06_1,Vladimír Kůrka,III. senát,0.00021438678964260586,0.0007708630105871976,0.0008156593782498691,0.000147625055227366,0.0002649976002269727,0.04201802166782341,0.0007661873694175472,0.002865464896433053,0.16212151160677316,5.513909964909755e-06,0.0020287187496562417,8.37895816162907e-05,0.0077302030816266765,8.641809079766576e-05,0.10026162083331001,0.0002857688515293841,0.02871563702587588,0.010694400309563415,7.5695620170793815e-06,Josef Fiala,0.16212151160677316,0.02871563702587588,True
3-663-15_1,Jan Filip,III. senát,1.4702626215320549e-05,0.004219031900017341,0.00018323139470338907,0.04083428043010152,0.0036194107044335982,0.00011113364872394835,0.002852158059410339,0.1683289093583724,0.014098936169535588,3.0992440772867983e-05,0.004857770824601041,0.0004993180260340537,0.0044153517683550485,3.170714253337826e-05,0.5809070551140251,0.003421809516517041,0.012787853155733999,0.03569219893410028,6.654200623133763e-07,Radovan Suchánek,0.5809070551140251,0.0036194107044335982,True
3-678-11_1,Jiří Mucha,III. senát,6.745157719540734e-05,5.751692887794164e-06,5.982433316445693e-05,0.9972752794210249,5.149592150178018e-06,0.02775190758527491,0.003882323526628702,3.8355597466044854e-05,0.0012943814298864089,1.113520436358909e-06,0.0012313860112862127,0.0003652927031080905,0.045585687291570164,6.9575111994437686e-06,0.6583072779349574,0.10902307292440437,0.0006015471008200281,0.0015214918942153804,0.015618533581047983,Ivana Janů,0.9972752794210249,,False
3-696-07_1,Jiří Mucha,III. senát,2.4167100284781463e-06,0.0015530214473262049,0.0026105439577011154,0.007486051505659663,0.0063771954086321025,0.023734955031528716,0.00014528361758915518,0.01795742803343438,0.03047799517700735,2.9924239452958884e-06,0.002540091807553863,0.0004164610082146316,0.000631448340568911,0.0001964776692038386,0.7790459977418948,0.0007095160238357607,0.02269141100694083,0.008812746734285806,1.211123803432268e-06,Radovan Suchánek,0.7790459977418948,,False
3-74-94,Vladimír Jurka,III. senát,0.01938273674953779,0.011477073095369038,0.0048617828662393305,0.08079403680843884,0.003521400501831453,0.0007487052242760369,0.0014407036824641269,0.000548557844727751,0.0002652022777489962,0.0002531341126171122,2.157297118036235e-07,0.0019185707669209452,0.0005506421523750576,0.2243954309320543,5.001225064264055e-05,0.08621021696649518,2.324194956626266e-06,0.02629461683390613,0.0025442555385697036,Pavel Varvařovský,0.2243954309320543,,False
3-747-06_1,Jan Musil,III. senát,0.0027418005500511903,0.0019728178045727053,0.0002635148717046019,0.010329011843452994,3.313295399591234e-05,0.7299776512102784,0.004222811151726569,0.001961314035991717,0.0003459575983306342,0.0021190672793147207,0.0008842759227180564,0.0007526905266675531,0.012284193692421327,0.000466137570023221,0.011130044993246978,0.0048921165883124345,1.6687361498558374e-05,0.003609866518379277,0.0010743177699603825,Jan Musil,0.7299776512102784,0.7299776512102784,True
3-880-15_1,Jan Filip,III. senát,0.0005656233104336678,0.0021153728406026273,0.00039901807424670704,0.3431012785628961,0.0009633873978837142,0.004572992084153574,0.005832092592576469,0.011245514962758501,0.0038778087684644582,0.00028452037197510986,0.006048973383328058,0.00041392127751729916,0.0008313304854804952,3.4748192314416196e-05,0.3110389593520098,0.009404654403736208,0.0006169045360916502,0.01830648838753326,4.968586458485476e-05,Ivana Janů,0.3431012785628961,0.0009633873978837142,True
3-905-06_1,Jiří Mucha,III. senát,3.029411811814583e-06,0.0012348508971680812,0.0015161510186837898,0.01896384123087422,0.006744323112284852,0.015114118670033636,6.858983575129939e-05,0.006002960681800623,0.020476982000348525,3.145386135779536e-06,0.0029282718179129597,0.00028496052531797636,0.0008667460428160616,0.00042680961906327953,0.6042256681573732,0.000679162327366081,0.0465394168319699,0.018055729459461007,2.287852177246401e-06,Radovan Suchánek,0.6042256681573732,,False
3-916-13_1,Pavel Rychetský,III. senát,0.02604740074336159,0.0006723904598727082,0.00015723307246915527,0.03218582429158433,0.0019412688829979405,0.016804699937801943,0.033350442839626716,0.002925749917067788,0.00017305448586112356,0.0004010925896742699,0.0007932855609671514,0.0006879145213281356,0.0011726071783089802,0.0006066038464187582,0.06352162089307978,0.0030939895170529717,6.849954482772624e-05,0.00029121877397370423,0.0005981590700692127,Radovan Suchánek,0.06352162089307978,,False
3-95-08_1,Jiří Mucha,III. senát,4.313031330858715e-06,0.0014664369309547638,0.0018542422297211033,0.006196404666968402,0.004563741148729099,0.010109576162829079,0.0001595080279303869,0.021193896024815417,0.023794588276962222,3.492449884822492e-06,0.002688730985809302,0.0002131198691313299,0.0004131904436975894,0.00024255115974389558,0.9196904246269034,0.0004968505095808373,0.014207052617550647,0.010815716479986848,1.2357073578067173e-06,Radovan Suchánek,0.9196904246269034,,False
4-1204-21_1,Jan Filip,IV. senát,0.00013640506496051793,0.0015190564437274241,0.0001260677125345617,0.007945374748897175,0.0018212450034413477,0.09267496396907285,0.0014292903055165456,0.00150737737479522,0.14987391969553698,0.002562754711687018,0.0035306380198957877,0.00019506292377402074,0.00020230245575981556,0.0011373280986562084,0.12762923413286464,0.002301950140615964,3.7753944476536885e-05,0.007273858543702806,0.00023537344924252378,Josef Fiala,0.14987391969553698,0.0018212450034413477,True
4-140-02,Pavel Varvařovský,IV. senát,0.00038291496749846523,0.0006931555401152123,0.001615076379331849,0.6024629021507326,0.006515878163107436,0.05977250350914858,0.0021501067202457508,4.705118081433117e-07,8.638952883458768e-06,0.0003983499428776909,0.0005899696546154471,0.0016123309013691823,0.0017158152398761683,0.05592869230961484,0.0038662025016388247,0.012859477107657405,4.839068561684875e-05,0.006915794084739704,0.031399776084370536,Ivana Janů,0.6024629021507326,0.05592869230961484,True
4-1434-08_1,Vlasta Formánková,IV. senát,0.00013237506086678617,0.0015864901512666891,5.326649743147964e-05,0.015599822202156019,8.374623278784368e-05,0.011157234543770565,0.00028246087912684327,0.00010902344641184693,2.3804866068599006e-05,0.003194380925727746,0.002788936835196435,0.001659284031479398,0.23655720418558213,0.014792601978166502,0.0006347123805325198,0.011561778285939978,1.9483908516124944e-05,0.008612940821459556,0.009025241362664254,Miloslav Výborný,0.23655720418558213,,False
4-1448-21_2,Jan Filip,IV. senát,3.1558313410031514e-05,0.00014830599463519292,8.505940026535473e-05,0.0030570637055174696,0.0006617342627096263,0.005268348984039413,0.0007258161111155084,0.0023819871825810383,0.5247728919186103,2.1842522502950527e-06,0.007747834884775107,1.85124174471006e-05,0.0022162580632224733,0.0009013848969858503,0.4872596172959534,0.0001114413906227268,0.0008918299099869137,0.0033700620530803345,1.5902499247999303e-05,Josef Fiala,0.5247728919186103,0.0006617342627096263,True
4-1463-09_1,Michaela Židlická,IV. senát,0.0002706437816324949,0.0001170926591541645,2.1423581796718042e-05,0.8240995270973489,0.0004135289638371463,0.02944688061767576,0.007333976062283142,0.0006357576367032337,0.017415338568173136,0.0022145637935403646,0.0001503471414727169,0.002049766976204515,0.02208120237657112,0.001757658360614831,0.261140492060782,0.03445063936438008,8.243208906190616e-07,0.031788451075248886,0.0013335244358700224,Ivana Janů,0.8240995270973489,0.002049766976204515,True
4-1568-18_1,Jaromír Jirsa,IV. senát,0.0007424228918744423,0.0009629022321672606,3.546442914120581e-05,0.011231267310291476,0.0007104997616365615,0.05841787680371041,0.01678709063590392,0.003847847145963785,0.0018548133265359618,3.4745953383857506e-06,0.009617501051956,0.00016378595412350457,0.005972873055793241,0.00015877692206597743,0.20890278768002615,0.010496655013774373,6.11027218701316e-05,0.0016594364913296241,0.00012561531567443682,Radovan Suchánek,0.20890278768002615,,False
4-1664-21_1,Jan Filip,IV. senát,0.00037516849721121263,0.0022647585770755856,0.00010654074347278799,0.025720249676416354,0.0030195740260468167,0.005729764898881848,0.0013098524420245463,0.003613137156609471,0.010454398193414663,0.00014131689366624599,0.0002268970627663558,0.00020865383405755658,0.0017827006979331181,0.00044646436235459174,0.03664193536186864,0.004974331908300976,0.0004918335472065916,0.007107872843412298,0.00012848240184636705,Radovan Suchánek,0.03664193536186864,0.0030195740260468167,True
4-1779-23_2,Vojtěch Šimíček,IV. senát,0.00025228089354388305,0.0005960933021885334,0.000243537588752618,8.934913155426057e-05,0.0017375345272646725,0.028307797597643153,0.0008427815066274802,4.076700959169628e-05,0.0007014651050453716,0.0017025932644349868,4.344996455844446e-05,0.0002846642218603926,0.011575688728577076,0.003478952758579772,0.12747877795481422,0.0048689870961246325,5.113140784613568e-05,0.005798134674299952,0.3954240216541804,Vojtěch Šimíček,0.3954240216541804,0.3954240216541804,True
4-1827-23_1,Vojtěch Šimíček,IV. senát,0.00015821563166219566,0.004146768384691831,0.0006034490414846116,0.0001056658959575869,0.00042509462342558085,0.0007425069356253604,0.001718412816790718,0.0003523946702840404,0.007302354059039728,8.286884876958258e-05,0.0011548022255938309,0.000639243633776854,0.008056360146210601,0.0009756281244791867,0.048474462573158045,0.014853823766283825,0.00015392658731101387,0.03625930125807255,0.0007270373905167776,Radovan Suchánek,0.048474462573158045,0.0007270373905167776,True
4-1875-23_1,Vojtěch Šimíček,IV. senát,4.1440602220136124e-06,0.00013884807407707817,4.919158963624074e-05,0.0011180347911862484,0.0008273923944786279,7.323162201796737e-05,6.076000462672461e-06,0.0009651728697949385,0.008807058505465261,0.00030064258795835095,0.22325696574198856,0.00022458010399799275,0.022400031256699978,0.0004539001388215276,0.8165563181147658,0.008029432794323568,0.16921722457148095,0.0700409925351911,0.0005013092465465836,Radovan Suchánek,0.8165563181147658,0.0005013092465465836,True
4-1971-23_1,Vojtěch Šimíček,IV. senát,0.0005582116973873337,0.00019998477989892398,0.00020178172087948563,0.05656110924077249,0.002140658266042097,0.03557799994356677,0.0014672416025508157,0.00035158300402624335,0.00015326245840837803,0.00015266582854546885,0.00020508487884668338,0.0011270536799640647,0.033906474259088784,8.25945127485489e-05,0.09813447561153549,0.005449481990494821,0.0005869601907817702,0.0027588465540901623,0.0011667384440713726,Radovan Suchánek,0.09813447561153549,0.0011667384440713726,True
4-2005-09_1,Vlasta Formánková,IV. senát,0.003450930207178616,0.0030211352184646933,0.0009715303370710461,0.525305541796733,9.495018349612664e-05,0.011433008866446317,0.013251687672436114,0.007900239555780317,0.002807691795891948,0.0006917332346327613,0.0033162986931296722,0.0002898893330406007,0.0002097921833529578,0.0001530055911908746,0.12535196841257776,0.03462420583242414,9.60746494263602e-05,0.004506071678487569,4.221937401415036e-05,Ivana Janů,0.525305541796733,,False
4-2019-23_1,Vojtěch Šimíček,IV. senát,0.00013990134993401945,0.000508229641109323,0.0003625370360242969,0.02794542460594279,0.000270023387379958,0.00028616256815538755,0.0005254720451588986,8.703219468956665e-05,0.0003314049099469702,9.703964291466683e-05,0.0315523388313646,7.892830193061154e-05,0.18445883945536043,0.0004439548034398419,0.9082022613907251,0.036110846242393635,0.0001600668416095984,0.007104119802176143,0.0008116177940030677,Radovan Suchánek,0.9082022613907251,0.0008116177940030677,True
4-2081-21_1,Jan Filip,IV. senát,0.0025396583243894196,0.006179463240059503,0.0003116998558557754,0.002749470623944167,0.0012022966682676806,0.001979142846202199,0.00216693725436331,0.0008987943913989896,0.004962151308614535,5.133926911658916e-05,8.329911712246604e-05,0.00032159345561726447,0.0010160596718105704,0.0005511837703429087,0.018197596306499295,0.007930721409512074,0.0010072638194820588,0.006296219654335703,0.0013193467845694273,Radovan Suchánek,0.018197596306499295,0.0012022966682676806,True
4-2155-21_1,Josef Fiala,IV. senát,1.8225195511945737e-05,0.0004138988937186925,0.0005350302531043274,0.014165109635866657,0.011791881058798465,0.02373126374868212,0.0002615057882952547,0.011370145895555253,0.009081888340327495,5.1806862085285535e-05,0.0013479296630304408,0.001586755944155545,0.0007481893711787095,0.00010212510306288185,0.01111006646975043,0.00266423507713775,0.09371974242950902,0.004613516247219943,1.8988548134372877e-05,Vladimír Kůrka,0.09371974242950902,0.009081888340327495,True
4-2163-11_2,Michaela Židlická,IV. senát,0.004673438124062441,0.00015394649775136204,0.00010246126384872807,0.005561927673323535,0.00045853672350440624,0.010033835271533766,0.004793632863389882,0.011518918206541091,0.0020797921716983105,9.496443829645639e-05,0.001171335638827213,0.0008240172569319814,0.004600714578997123,0.0009101185773633642,0.3291740216022948,0.006815706787114091,2.5920761149436284e-05,0.00256843440466857,1.2519573408413189e-05,Radovan Suchánek,0.3291740216022948,0.0008240172569319814,True
4-222-99,Vladimír Čermák,IV. senát,0.07301332019761278,0.0014597129849748737,0.0010325771029920502,0.006367070411773843,0.0008810098775641434,0.032202520897961134,0.00775918483816074,0.016556971091191006,0.0001989790890859569,0.016176276180102093,0.060519382390429234,0.0016208147122654783,0.0007359477939541419,8.308419992589381e-05,0.005271766332321664,0.0030095109653313855,1.945931629235306e-05,0.0018428977362300006,0.00020048307441371683,David Uhlíř,0.07301332019761278,,False
4-223-04,Miloslav Výborný,IV. senát,0.002280254624336827,0.014680966494447069,0.0006599498137248686,0.15563076398473208,0.0006411719301018,0.003731552131135807,0.003649485957107331,0.00038685675763502116,5.1113342013050486e-05,0.00015532470245126594,0.00018153622435086746,0.0006525012143832803,0.05421738719290097,0.0015018478312680613,0.03933582603394723,0.03346085887144851,2.0676769849896823e-05,0.00043832547646971344,0.00018528848453045184,Ivana Janů,0.15563076398473208,0.05421738719290097,True
4-2296-22_2,Radovan Suchánek,IV. senát,0.00016756191151858041,0.010297018284588174,0.0002583873161643976,0.0010319876270977748,0.0008374753324270214,0.01278994737530025,0.0007111508780102106,0.015876508614427434,0.02601541039805469,4.004885711415327e-05,0.002675896787590967,0.000293631765534083,0.0013763168542709984,0.0015747188147739377,0.3383383432521686,0.0009761931339336317,3.483967469370697e-05,0.0027881615007716454,0.0001432684552862155,Radovan Suchánek,0.3383383432521686,0.3383383432521686,True
4-23-05_2,Eliška Wagnerová,IV. senát,0.0006010792234200364,0.05848439099781632,0.0004791709700304528,0.0036968826611992337,0.0022183873000925568,0.04380163215461968,0.0010685597592795567,0.0006783589441889379,0.0022227845697390843,0.012671358185948103,0.007286959801683456,0.0005872244172200045,0.00029265489321220667,0.00017865914878305699,0.0008487867024686939,0.01086060612159116,3.328181182185398e-05,0.0629577021180873,0.00020436481173944949,Vladimír Sládeček,0.0629577021180873,0.05848439099781632,True
4-23-2000,Vladimír Čermák,IV. senát,0.013249346310030947,0.01394436705207171,0.0068477729319583736,9.167286761384082e-05,4.764157334506754e-05,0.007022983854655566,0.054512924883583246,0.01701189847903999,0.0001587881842253838,0.001204390060876296,0.00022376275584077613,0.0031468838340183293,0.00033163240479778145,0.0031839262340195252,0.0008601528997586359,8.409121432460936e-05,0.00013894559815881964,0.001393153882766916,0.007847374870454739,Jiří Nykodým,0.054512924883583246,,False
4-2421-23_1,Vojtěch Šimíček,IV. senát,0.4864069131790673,0.0003238261884926129,0.00042041252568851334,7.649997957851645e-07,4.001417768028639e-05,4.518027917263476e-07,0.00022749309528378322,0.0006701002689483574,0.0002279058746565911,0.004436275232903565,0.9494923654662641,0.00012321904441779565,6.148444323614912e-06,0.00021516104822156618,5.022131329813982e-05,0.9918851452616331,0.0002350094879701459,2.0334068265024806e-05,1.7932915322427577e-05,Stanislav Balík,0.9918851452616331,1.7932915322427577e-05,True
4-2611-20_3,Pavel Šámal,IV. senát,0.0011571556323751822,0.0022453215873762334,0.00039040175666331574,0.006660712896523284,0.004181056316406522,0.0015711242521253986,0.01917877094515783,0.0010565065099272539,0.003376674089859277,0.0004926392077587309,0.0003742632116467718,0.00026807315098617714,0.0013893848318652837,0.002157900378059422,0.04473145265394528,0.013298624767848988,0.00010091342739086489,0.007412567337139547,9.947790059511995e-05,Radovan Suchánek,0.04473145265394528,,False
4-2719-20_1,Pavel Šámal,IV. senát,0.0007731586140427773,0.00012733506657696233,0.0009425648044961028,0.01466224210645259,0.0007000142982826085,0.00646701349555221,0.037019124253345415,0.005893159488413081,0.02532875328739037,5.299657988099356e-05,0.0011797031892863993,0.0007584756194837365,0.0007088978924823057,0.00040975560298734184,0.00214471946487078,0.008981648420649612,0.0003484714565117496,0.00835839090416213,4.6446426790690756e-05,Jiří Nykodým,0.037019124253345415,,False
4-2732-20_2,Pavel Šámal,IV. senát,6.665626377188263e-05,0.00022262814289576686,0.0006630874719279413,0.011430834047900336,0.005143473519831601,0.0028200182486727674,0.001287731421452513,0.00922592654251708,0.08212718844010775,0.0001150883781779794,0.009252433984149573,0.0005408842752223401,0.00048238585187418485,0.00015129762543467847,0.5635209299892359,0.002194448163297927,0.003315162334378588,0.04675618341726279,6.313136123366044e-06,Radovan Suchánek,0.5635209299892359,,False
4-276-04,Eliška Wagnerová,IV. senát,0.0007255702547873402,0.15613220991100651,0.0006279991736677944,0.0950465856609656,0.0003228430909142884,0.003851878474127052,0.0011224459989952339,0.0008145946179119375,0.0002359036026730407,0.000526616875225146,0.00023613595114425597,0.0008833063089997224,0.00023356053871484078,0.003851148648655456,0.005052898102057161,0.0009158047238188615,6.0722176647697066e-05,0.0003243229162279624,0.00031054072767890855,Eliška Wagnerová,0.15613220991100651,0.15613220991100651,True
4-2821-20_1,Josef Fiala,IV. senát,0.0008401927779745841,0.00018343797294224413,0.0016318416500664449,0.04541157224235521,0.00029950222148387556,0.007470631726052577,0.0030462820247300695,0.003625656793918433,0.026403470815770467,0.0010205933783037342,0.0029631223269390335,0.00016651894485450068,0.00018323547787109484,8.54338678799368e-05,0.1342482188901101,0.029009884394061866,0.0012810459206954563,0.02761887551831067,3.0825717593132374e-05,Radovan Suchánek,0.1342482188901101,0.026403470815770467,True
4-2884-22_2,Josef Fiala,IV. senát,0.0001887116252341829,0.000864228291495797,2.8264021009043594e-05,0.11780620660730261,0.0002814896051852275,0.007881374335600868,0.0019240468784232703,0.0060022321034348255,0.02290167793819815,0.00017261528308310637,0.00022465573961960033,0.00014712988134630482,0.017272092710540095,0.008560440785954259,0.0035779343056605616,0.0047925075758150715,0.000239961772046478,0.004433561439760211,0.00011165511066705468,Ivana Janů,0.11780620660730261,0.02290167793819815,True
4-2956-07_1,Miloslav Výborný,IV. senát,4.691047885027654e-05,0.0007132728285911958,0.0004898779296566071,0.12572843114765644,0.0006547258675938875,0.00954062770239511,0.001076927598839951,0.0003879108416895769,0.001037297845129079,1.3540831434973608e-05,4.550947754295255e-05,0.0014658195124887929,0.028468882354712528,0.005832747273183142,0.000590315800043079,0.12176515728943396,0.00010649294396320386,5.652162209992267e-05,0.0004969701318161532,Ivana Janů,0.12572843114765644,0.028468882354712528,True
4-298-05_1,Miloslav Výborný,IV. senát,0.0030556140442016344,0.003012563209014679,0.0003304020128029168,0.4816012407974064,0.0003501391505461159,0.009056136595478418,0.0052144789059364515,0.0010044466802360415,6.48036489059345e-05,0.00018784348791757986,0.0016313424039000688,0.0100008214468348,0.027855055551091346,0.007682088394100914,0.0015820367414633944,0.0008103583841322177,4.050671665809554e-05,0.002737743871196942,0.0011960216454909895,Ivana Janů,0.4816012407974064,0.027855055551091346,True
4-302-99,Ivana Janů,IV. senát,0.008025009113827466,0.024210482512528192,0.001301330297820293,0.0352744514869036,8.233965328716332e-05,0.02625667414598025,0.0021915130945605902,0.03753301334872686,0.0014175427626334767,0.0032443829958792784,0.0005628733739045152,0.002164033540735227,0.0005478450414014965,0.004167668158482861,2.5538068561786858e-05,0.0005315635715989967,1.0120388452480699e-05,0.0024946286099056334,8.933662455530527e-05,Jiří Zemánek,0.03753301334872686,0.0352744514869036,True
4-3073-15_1,Jaromír Jirsa,IV. senát,0.03064914373636137,0.0005121847946656667,7.935283871147001e-05,0.05059149662230256,0.004153933093494526,0.011732375910600413,0.012459220724580734,0.0011165989255875267,0.00042756200461243737,7.933404374250755e-05,0.0009365724532130257,0.0008718500081717483,0.004722669727827776,0.002291932140340301,0.018746616107956842,0.08475397789778513,0.0001426505451856985,0.0023102431547584704,0.00042482310750424504,Stanislav Balík,0.08475397789778513,,False
4-3163-15_1,Jaromír Jirsa,IV. senát,0.00043283138068897714,0.0002786492985033404,0.00019996667389775592,0.5801964647090624,0.0005441851745519295,0.025793240104840374,0.006055603286526205,0.02207060982858854,0.0017444048856677784,0.00011290228032780487,0.25013402811971286,0.0011596043034657192,0.00033350836853783604,0.00024584578433149923,0.027393988219954254,0.000757727032497421,2.568378791552265e-05,0.011446937039216398,5.045225422555019e-05,Ivana Janů,0.5801964647090624,,False
4-324-99,Vladimír Čermák,IV. senát,0.020523012651900163,0.0029331617679988426,0.01645478748854096,0.22705842596899606,1.7075130081634176e-05,0.004108608620169171,0.0036268096323945434,0.001255062084740607,0.0005868369926388708,4.4688891762948185e-06,3.1594130053371903e-05,0.00026717984853746527,3.5549209609540135e-05,0.009919031710138098,0.01333972296874476,0.03271469551308718,3.3728071734975605e-06,0.0023962763166089085,0.0010399358707144203,Ivana Janů,0.22705842596899606,,False
4-331-02,Eva Zarembová,IV. senát,0.0002379584494999705,0.012811323684223956,0.0005692332620839286,0.9715056088417509,0.0001675032416793893,0.009327641684981382,0.002241664044026411,0.05985856547762442,0.00026046652178095747,0.000570301869983179,0.00028271642972727847,0.0009226887291702532,0.0010491189749420175,0.00016060425227998017,0.006523283114077431,0.003644411364137131,2.183243929387136e-05,0.0001722498632251616,0.00011546615969004551,Ivana Janů,0.9715056088417509,,False
4-34-06_1,Miloslav Výborný,IV. senát,0.0014552727707511125,0.009477989307068002,0.0006208111408306276,0.01629698696170485,0.0001081045839280216,0.012271214357026822,0.0005173854639634578,0.02076133744403278,0.0008013901316019845,0.001425675865504418,0.01230392138034113,0.0007273058143488849,0.00033836787053789417,0.0007695618140905947,0.07457425116544894,0.009008170673844396,0.00017644059850968773,0.061563052210104,9.401388123309506e-05,Radovan Suchánek,0.07457425116544894,0.00033836787053789417,True
4-34-97,Pavel Varvařovský,IV. senát,0.013221011009939098,0.0015318921680146183,0.019678775830425585,0.0012651496209042726,5.532763556812311e-05,0.0023836740028924763,0.0015004781773837474,0.034205740417251836,3.0553455846398454e-05,8.216604636334217e-05,5.204610583558306e-05,0.006834293892958839,8.248108772573427e-05,0.1492297291117436,0.15011998206933355,0.004554881366387538,0.00011605429888124938,0.01338101525953829,0.0004151670517790453,Radovan Suchánek,0.15011998206933355,0.1492297291117436,True
4-3480-10_2,Vlasta Formánková,IV. senát,0.00044039701858495934,1.7072833467206166e-05,0.00017744704780002984,0.00833445331893734,1.1205721429267984e-05,0.19583294608483987,0.009959458883441187,0.00023522800241700665,0.00022428222150398694,0.010682698018486082,0.000159460220527738,0.00018616561589121465,0.719540992582787,0.16124841349693372,0.0004853978379514656,0.0028530542288189432,4.1153593159174175e-06,0.00041608011071553937,0.002083078870453277,Miloslav Výborný,0.719540992582787,,False
4-3502-20_1,Pavel Šámal,IV. senát,6.0676701460882964e-05,3.343713154737576e-05,2.069821723971301e-05,0.0018576864501036014,0.0004723223404467158,0.00038099107962970475,5.0852320527423214e-05,0.0004309212096319975,0.027146295723695014,2.217230335201928e-06,0.005136919503512632,0.000217042122223939,0.2802888233686164,0.0002579645910633513,0.796906247415213,0.004972719345556753,0.0037274188591991672,0.021643628029812626,0.0001530948066884435,Radovan Suchánek,0.796906247415213,,False
4-353-04,Michaela Židlická,IV. senát,0.0002716140426046421,0.0003627518847250949,0.0007086980509285912,0.3763908003137949,0.00024928196129256705,0.02718401299969121,0.0028893859519966516,3.5773916898670044e-05,0.0027780038224398357,0.00014056544454986867,0.0002756686001425268,0.0047257615583500365,0.012763388498024579,0.0004901268743784453,0.06349926624973895,0.02768825035642945,1.1770181723723454e-05,6.778167337086614e-05,9.848104020864054e-05,Ivana Janů,0.3763908003137949,0.0047257615583500365,True
4-366-99,Vladimír Čermák,IV. senát,0.0003042840878221216,0.027413235891463574,0.39678708441993643,0.061035286577835926,0.0024787645621742026,0.010413491312193102,9.218704489044137e-05,4.598658101796635e-05,0.0008650659660300162,0.004197700696244626,0.001070463117762307,0.00043866184302376323,6.202947889079127e-06,0.0002998276960470195,6.071286786713227e-06,0.021429661585642946,0.0005328938534669574,0.0011554942110545033,6.752646012690796e-05,Iva Brožová,0.39678708441993643,,False
4-378-16_2,Jaromír Jirsa,IV. senát,0.0039646929182971516,0.0002018744761492043,6.0234870591998557e-05,0.02483845777390013,7.67585712975963e-05,0.015845910297001827,0.0008585273974177106,0.0008175698463330566,5.212658169955913e-05,0.0003439209280409311,0.01666449665657997,0.003338323908481778,0.017437821943958792,0.0074815987007259745,0.0003781126173042009,0.18150557838993983,0.0006727770100252204,0.0022576892431104803,0.0326890951723003,Stanislav Balík,0.18150557838993983,,False
4-382-2000,Ivana Janů,IV. senát,0.00031335161176046473,0.05123535223607601,0.00033585279994744475,0.6947585352572159,4.752960242306529e-05,0.024245932724411536,0.00020025487010270706,0.0025272606691343256,0.011653899496253046,0.001760404049820396,0.0006718063866730516,0.0018216993269879911,0.009759902688358153,0.002828050246193931,0.000735181753471533,0.0003242720945678815,1.3850638114789683e-06,0.0010787978478421164,0.00026210342131660673,Ivana Janů,0.6947585352572159,0.6947585352572159,True
4-395-02,Vladimír Čermák,IV. senát,0.00022369581309295795,0.017558621730447033,0.013108176428513505,0.9192802874199597,0.0007081230091998486,0.00023390920564719112,0.003433654507939798,0.001659250342457852,0.0003000285646305261,4.194897054346746e-05,0.00013591550926587008,0.0006732296793966533,0.0029769232573753197,0.01828566297557845,1.3783109264697293e-05,0.0049091970291186586,0.0010237944931050388,0.00012552613367681164,8.290654633249535e-05,Ivana Janů,0.9192802874199597,,False
4-4206-18_1,Jaromír Jirsa,IV. senát,0.0008551085027090282,3.685052158361345e-05,7.690288003965302e-05,0.02182088330569277,0.0008155914990996476,0.004510379930727334,0.004900310701974972,0.11621063791864177,0.006965963057212674,8.080525546371105e-05,0.0025920094848808054,0.0007745179337210951,0.0007065265267022943,0.0005320217215447568,0.25062430157408055,0.10736837372256922,0.0015669971088723273,0.022341279288708184,5.0647857855157005e-05,Radovan Suchánek,0.25062430157408055,,False
4-433-10_1,Vlasta Formánková,IV. senát,0.0009508515699067476,2.7237801747911212e-05,0.0001252022443221129,0.30615016298993103,0.00015997223707700433,0.0002794322025580711,0.3240769680038016,0.00034222446347368616,0.0006457476099180846,5.6167983769082355e-06,1.5364690235340076e-05,0.005481826713577725,0.04016270912334942,0.049910644192573614,0.8876940758930505,0.012657284954339938,1.453039713242212e-07,0.0003287874347217853,0.0021671809392579946,Radovan Suchánek,0.8876940758930505,,False
4-50-10_1,Vlasta Formánková,IV. senát,0.00018286548500236422,0.0020908237283832416,0.0005310591496565329,0.0010004105923597938,0.0015181718549328856,0.00022436107103172907,0.010374807172738766,0.008813271100122918,0.0016250653270792788,5.215831322432439e-06,7.587236846114196e-05,0.002181160919431054,0.6494909216577441,0.00597083626722388,0.005088857434117608,0.004960405341992658,1.295822367708773e-06,3.4900154023693574e-05,4.529185735760433e-05,Miloslav Výborný,0.6494909216577441,,False
4-500-2000,Vladimír Čermák,IV. senát,0.039030837074265655,0.09809174546351015,0.019915483593651025,7.809486181066286e-07,0.0210220654981118,2.2340353767787897e-05,2.580768060278635e-05,0.001954879588291325,2.8060125338648354e-05,2.956825726523817e-05,6.490895986378445e-05,0.004986532455286639,0.0035024342516257944,0.014247464015026955,2.9870606791521808e-05,0.0009013925218344158,0.028736422861590744,1.738123488516284e-05,0.007466387352554309,Eliška Wagnerová,0.09809174546351015,,False
4-541-21_1,Pavel Šámal,IV. senát,0.00039396352959963416,6.43749515897078e-05,0.0008364519757646638,0.0038509504006650035,0.047555156426835506,0.01785198588810904,0.001172468054805017,0.0006649651735768245,0.021533905487415683,0.00011746651991220563,0.001113447690634162,0.00020856085928525728,0.0006914694162874702,0.0004298358630502429,0.4441475808709864,0.063694673007237,0.0003853285598109753,0.18746004271476904,6.306201493318338e-05,Radovan Suchánek,0.4441475808709864,,False
4-544-98,Vladimír Čermák,IV. senát,0.013902060780854757,0.0030771790713712255,0.0059179015725913135,0.27616668205324835,0.0037084186904191795,0.001334067563924291,0.0005219495088832195,0.0004449236752503273,2.0247548516663762e-05,1.4069233781150614e-05,0.0011069689142397818,0.005769082214618868,0.00036262990260578514,0.0005246664620380743,0.0006842697424489499,0.004822869758256856,0.1730913819984622,9.315342209980394e-05,0.00024188214959900242,Ivana Janů,0.27616668205324835,,False
4-579-22_6,Radovan Suchánek,IV. senát,0.00010573604544617531,0.0020838129302491017,0.00013362769475484278,0.0004995350299080125,0.0015927725196668656,0.0057148329030121525,0.00033266974446700324,0.004554994818197063,0.0675984843303213,0.0001109268804943939,0.00629214526065005,0.00025418777365860513,0.001153745414541627,0.000693540815515367,0.569163500269613,0.0020307024844650728,0.000130953067489231,0.006950241358837327,0.00018585713354292056,Radovan Suchánek,0.569163500269613,0.569163500269613,True
4-630-03,Miloslav Výborný,IV. senát,0.0006037581639586178,0.0006503753003879077,0.00023456812059862705,0.7452792077047169,0.00014170231089467056,0.09108349426080414,0.0008273259405291033,0.0013562767918858494,0.0010952755059380587,0.0004036080136636365,0.001076451751804874,0.001396513281479199,0.006364196672421863,0.001378237324141292,0.0009592288288331622,0.00044890978765880005,1.3123465981191838e-05,0.0029947040566643724,0.0026034811392314275,Ivana Janů,0.7452792077047169,0.006364196672421863,True
4-677-21_1,Jan Filip,IV. senát,6.678830219694417e-05,0.0002685017878730554,3.433572228433671e-05,0.020194953892083544,0.0035650567190752347,0.024779973824096146,0.005885787001030851,0.004766170853840659,0.051950451260307715,0.00029323700904764914,0.0009186209430063138,0.0001242429042766852,0.0010512767276929145,0.0014118851286009915,0.07850147438167324,0.002424969975791286,9.136114599713965e-05,0.002862391973778772,8.29337286172201e-05,Radovan Suchánek,0.07850147438167324,0.0035650567190752347,True
4-690-01,Eva Zarembová,IV. senát,0.0015357573712555387,0.024587260929683993,0.0005209506801418097,0.8547552194850276,0.0006873495704435181,4.308610144018939e-05,0.006381395039784758,0.00985492981575837,0.00011659263698632976,0.0010079332723862675,0.00019829707792211616,0.0034158898137582874,0.00022678937621543242,0.007958024823290655,0.015354407788110298,0.0002931334761464854,0.000448149753561553,3.513223003116e-05,0.0025542644570734924,Ivana Janů,0.8547552194850276,,False
4-699-22_2,Josef Fiala,IV. senát,0.0005485208569008529,0.0010040928536164755,8.392329244703821e-05,0.07220220035501212,0.005810140319588003,0.021128483503668836,0.002715407580778114,0.003208378656470097,0.003745975970313198,0.0002502149876928079,0.005643609608899407,0.00015931395576712775,0.011279786863722125,0.00045741786125428236,0.0045676941357116856,0.0008546955147993317,0.0001422007021175486,0.0006380705346409354,0.0003178924125195098,Ivana Janů,0.07220220035501212,0.003745975970313198,True
4-702-20_1,Pavel Šámal,IV. senát,0.0023263453355567318,0.0004718911672277457,0.0001211047336668316,0.004740336585940854,0.03150085511542137,0.0006814987700540527,0.0005982837035393522,0.009640291814439659,0.0027979510755407363,0.0032502855401625725,0.0014199179533689497,0.0001365840791456176,0.0023162692524562834,0.00016164469878057432,0.09862449210926695,0.0275295794760038,0.0010899348879867318,0.1892222767359506,0.00027834699526974776,Vladimír Sládeček,0.1892222767359506,,False
4-767-05,Eliška Wagnerová,IV. senát,2.1877180976077227e-05,0.00434648345273792,0.004640947047213545,0.011831681763311659,0.00018444746055812738,0.006516144144481246,0.001350902401096533,0.0009801883202621806,0.008290170836300719,4.225029858242227e-05,0.00014139045890373687,0.001418461267808056,0.0008792055017128508,0.002101495729424641,0.6977681501030886,0.021479757330897634,0.00016072053084699597,0.0022169404521908565,0.0002812916267093231,Radovan Suchánek,0.6977681501030886,0.00434648345273792,True
4-797-20_2,Jan Filip,IV. senát,0.0012672459052542459,0.00018679367071551556,0.00030208539596768427,0.01602953386586963,0.0013289210052674757,0.006097709211509088,0.004260162090461181,0.0005679499694141618,0.00017189228110362672,0.0008941775128178456,0.0005732751331304504,0.0009053344977265516,0.00789565790174775,0.0037048229640110055,0.07828693105502108,0.041437113722001435,0.0001298984448582082,0.00250872462402212,0.000709303746799081,Radovan Suchánek,0.07828693105502108,0.0013289210052674757,True
4-899-15_1,Vladimír Sládeček,IV. senát,1.1864495481843744e-05,0.0004575243025585083,0.0008657734074894657,0.004074466587897805,0.0037702882797408903,0.0002864822155992842,0.001694492320161246,0.0022909661510171295,0.0806133681920322,5.464849162527189e-06,0.00029645683430870037,6.518923342489622e-05,4.7962602952500285e-05,0.0012097617821336048,0.4637212350021154,0.1847777037849264,0.03912066322331665,0.05028478280166675,3.372163087969514e-05,Radovan Suchánek,0.4637212350021154,0.05028478280166675,True
4-988-19_1,Jan Filip,IV. senát,2.2051047451101292e-05,0.0003724718582475497,0.0005215553166253017,0.001131599023408994,0.0005069961204806615,0.0006086653586459544,7.150846248464794e-05,0.0074047683667416335,0.01642136170024257,6.629480699948908e-05,0.0003144425282324265,0.0005220842717225722,0.002115452204031799,0.0017853780530398074,0.1929433375641992,0.008538724893757918,0.10747743770733921,0.0004357209561033995,0.0005873527187079085,Radovan Suchánek,0.1929433375641992,0.0005069961204806615,True
Pl-1-95,Vladimír Čermák,Plénum,0.008663582893183709,2.633085573963059e-05,0.007170661161964261,0.3140980607644671,0.0010500868135665162,0.00022590523799275204,0.008093557572211725,0.7089848295737817,3.5734883487243766e-05,3.5209003382957205e-05,0.0012928913013013116,0.0017057293186899095,0.0002449476553347546,0.0027030487789878764,0.00016333887195976016,0.005846318267013756,0.0007967289063559563,0.021109452239880838,1.2789073650096303e-05,Jiří Zemánek,0.7089848295737817,,False
Pl-10-09_1,Ivana Janů,Plénum,0.0013120707908879283,0.0014948244205960554,8.754736475047672e-05,0.8889332073799857,0.0024267045579323735,0.16801715049550703,0.002891134463480081,0.009804131430763554,0.0005451470603184651,0.014473239822409356,0.007567728807466542,0.0002786620754939534,0.0005464690651345337,0.00014572450189055252,0.001569314691593987,0.003550460385178683,0.00016351853556510564,0.009908294890780099,0.00033002325982675287,Ivana Janů,0.8889332073799857,0.8889332073799857,True
Pl-10-17_1,Radovan Suchánek,Plénum,0.00035669732098754606,0.0004898367040953598,9.49737197756542e-05,0.089451261380422,0.0038319193316337383,0.5784624009987824,0.0006247982699441039,0.0029883344035046494,0.0007223856216663086,0.4292148212029837,0.05013873285980413,0.0005976900237378634,0.006681522851624417,3.392559644726078e-05,0.01734681679406533,0.1878682682720104,7.733151790143038e-05,0.638056838589549,0.0002567934145466294,Vladimír Sládeček,0.638056838589549,0.01734681679406533,True
Pl-10-94_1,Pavel Holländer,Plénum,0.3390178202770038,0.0020143405548532964,0.0018989658057823055,0.9683264386845396,4.287713600857942e-05,0.00048581516991347,0.0024858383294950825,0.015115494344122894,0.0003080523496223564,2.869120806031148e-05,0.005254683717557866,0.007679443772540832,3.332490005542909e-05,0.010650526298457075,0.00022396126848655613,0.000816564079018759,4.4385441599937e-06,0.00021809857064867023,0.00018184329909159424,Ivana Janů,0.9683264386845396,,False
Pl-13-09_1,Jiří Mucha,Plénum,0.0003221666136603432,0.00028046829487425124,0.0004402913441529116,0.19790360500443088,0.002138554547549556,0.06639827688619138,0.013652291960699321,0.0030431036450949177,0.0008281348723396659,0.009419305348019994,0.01760295139314596,0.001024187583470224,0.0007071632597505189,0.0019410335088971755,0.01858010559773476,0.00064824665429672,2.9129239781126244e-05,0.02529317611105872,0.001453481656298019,Ivana Janů,0.19790360500443088,,False
Pl-13-21_1,Radovan Suchánek,Plénum,1.4817439581426221e-08,0.0035809564399161796,7.321672020294887e-08,4.728643438664431e-12,3.687103619190536e-06,0.0016767705434262332,2.5608939068030127e-05,0.011030040028558443,0.999988468567794,6.540067695380924e-11,7.932073082246243e-06,6.368551845755149e-07,1.232917460699818e-07,0.9989801641607405,0.9769326552435603,0.6497581175362102,8.624273870593869e-08,0.00068054501678875,0.07829757192820808,Josef Fiala,0.999988468567794,0.9769326552435603,True
Pl-15-01,Pavel Holländer,Plénum,0.00032253570285742714,0.00014603922444693049,0.0009404012872731825,0.6656048090605714,0.00022332723591294296,0.04853269938293621,0.0022550363767877804,0.027474803410614392,0.0005044292590200038,0.0005450787171909669,0.022787487744327126,0.001760405647100182,0.0007762938555512052,0.0001930310996005475,0.023435876802336622,0.00133636465374244,6.26933234181679e-05,0.00046640290873550897,2.63444390781794e-06,Ivana Janů,0.6656048090605714,,False
Pl-15-06,Jiří Nykodým,Plénum,0.020275893811625378,0.035851313924652434,0.0027033204999150056,0.034001577023379075,0.0005991851640801621,0.0042149326159678716,0.009184139506539662,0.0022530724371858206,0.0005851617148145469,0.06290131900420799,0.030367753593496943,0.0004080184050592364,0.00047699383674541156,0.0006054628804986731,0.00018330889226931535,0.001104084290035082,1.4766251352341027e-05,0.003730592886885341,0.00018942728838032864,Kateřina Šimáčková,0.06290131900420799,0.009184139506539662,True
Pl-15-96,Pavel Holländer,Plénum,0.0002307184548334601,0.0003317212891755925,0.009176897247698185,0.9999999999487708,7.082202043216652e-07,1.5230319680073737e-05,0.002732442950853973,0.03318663929375229,0.005562452116731109,0.0003440554627870691,6.867702368199149e-05,0.002397596902911813,0.00016303000643833062,0.0005059990655084138,0.002133313030742397,2.5732600439066384e-09,1.5834227140946095e-05,0.00026159317307421274,8.113059055007358e-06,Ivana Janů,0.9999999999487708,,False
Pl-15-98,Vojen Güttler,Plénum,0.0005454259672855652,0.012410387261195133,0.029410146462201473,0.4478427431186346,0.00029189820030208835,0.001735815025650007,0.00028479929143617816,0.001034207886196971,0.00012444244402262008,6.77229304826174e-05,0.000420623723068973,0.006896723123502241,0.003129477000648979,0.007901518499255852,0.0006251706417698251,0.0021363498553835956,0.000348222757919151,0.0007291236869288935,0.012175662329373444,Ivana Janů,0.4478427431186346,,False
Pl-16-09_1,Pavel Rychetský,Plénum,0.003978944121974462,0.004231297597616595,0.00023469008760968493,0.8539601045913987,0.00026394318183678287,0.006309847579622384,0.02861080457006031,0.006823988378297255,3.2869013296578756e-05,0.00022634088677529242,0.005728758981616914,0.0024559598478235602,0.0007789694401629995,0.00027636953256299484,0.029658508806682502,0.007555960460822398,6.227598106037239e-06,0.00014275508993386176,0.0006608634392243687,Ivana Janů,0.8539601045913987,,False
Pl-16-14_1,Jaroslav Fenyk,Plénum,0.0007750686271764532,0.09982270726214121,0.0003461621182063969,0.01557819129296717,0.0003792066811889804,0.01159921173249166,0.007814327455923822,0.009402658878659017,0.00078642054087833,0.05898457098839916,0.016588997006004125,0.0002937188660597815,0.00019384904784636116,9.980419728433284e-05,0.02421728198759129,0.006026093761443355,4.0272878396348215e-05,0.0008920221495854437,9.959449301941621e-05,Eliška Wagnerová,0.09982270726214121,,False
Pl-18-15_1,Milada Tomková,Plénum,5.144635012365179e-05,0.004318676373396594,0.0003316233427977908,0.01338604784442629,0.0008180361724724684,0.058661016441349474,0.00869795972565632,0.0022607063686718634,0.0005776283459358714,0.05670619250395224,0.02709546095609497,0.00013019839486419767,0.00020021461547341845,0.00013757537135554934,0.1282271314734732,0.010622088161378855,0.0003919990530215919,0.038572106569172065,0.0009479400140027688,Radovan Suchánek,0.1282271314734732,,False
Pl-19-14_1,Ludvík David,Plénum,0.0008436775947792657,0.0017257343353361465,0.00016428960748517056,0.012920101987609504,0.0006424303854346158,0.8740707250533907,0.005530811514811981,0.011608248734212508,0.002502630053998631,0.31495563957706724,0.37240079553131417,0.00025221764288396476,0.0007288133972711299,4.482565493735096e-05,0.004815934614550076,0.0016669183668836976,2.6530477386078485e-05,0.07518651039453024,1.2087316567327498e-05,Jan Musil,0.8740707250533907,0.37240079553131417,True
Pl-19-20_1,Jaromír Jirsa,Plénum,9.818354967787982e-06,2.6678398650883464e-05,0.00023976141925711423,0.0006650972026782391,1.130906585337276e-05,0.10822912961347715,0.000910028159618101,0.023433051292259515,0.9863709386926769,2.791115073525546e-06,0.005277395634092239,4.493701051507783e-05,0.000145613040176354,0.0003107395400494966,0.9741698288422989,0.0019915592004022473,0.00015388114166950848,0.023900260451823353,8.502630871188225e-05,Josef Fiala,0.9863709386926769,,False
Pl-2-14_2,Jiří Zemánek,Plénum,0.00011576719205703021,0.0012723679501659578,0.00013030983690751015,0.09477016834724042,0.0011047733563448198,0.004976102831766292,0.007328623044423857,0.00046479138956186214,6.982908855937585e-05,0.06679608614494909,0.09127247531834315,0.0017301850445524591,0.001773930193343516,0.0005718370683790953,0.0013167585182012997,0.0962329461992459,3.224034872273139e-05,0.014417215961447846,0.0085003956881366,Stanislav Balík,0.0962329461992459,0.00046479138956186214,True
Pl-2-17_1,Ludvík David,Plénum,0.0019881235736536693,0.0006173118178736752,0.0004934978282912998,0.29023835491556105,0.0008647182666430521,0.052985062357426414,0.0016306849483800371,0.006694814304114282,0.005939424923337673,0.10033322794290704,0.1402747993893827,8.215778217893509e-05,3.268192926073579e-05,0.00037919010774379143,0.0019294010888134068,0.041130297070148925,3.6839139233751506e-05,0.6742503514798072,8.865283996115134e-05,Vladimír Sládeček,0.6742503514798072,0.1402747993893827,True
Pl-20-06_1,Michaela Židlická,Plénum,0.0003798717202257241,0.3655465499042492,0.19025162172681825,0.02717389830822764,5.49142658530923e-05,0.012477431568434443,0.032841251475458855,0.00014275740239451165,0.0025904838326564466,5.35306794188182e-05,0.0008985502118122509,0.0002115940811736044,4.07961031739256e-05,0.0014992120485489782,0.34109339135392097,0.00011833462710170232,3.6116324292987806e-05,0.004999098348712843,4.956322318183263e-05,Eliška Wagnerová,0.3655465499042492,0.0002115940811736044,True
Pl-20-93,Vladimír Paul,Plénum,0.06091409359273992,0.0018578765399298192,0.0019947894645619977,0.0156691726127987,2.701823935042212e-05,0.058554129582788786,0.011365408780912476,0.013031502405531248,0.0020928016061843384,0.009157755787228194,0.034001184505673784,0.001900992768733577,4.259597481955983e-06,0.08039049027864788,1.163032812322226e-07,0.0007509564499011534,6.253332036661813e-06,0.0018203584729118733,0.0035228170052328386,Pavel Varvařovský,0.08039049027864788,,False
Pl-21-18_1,David Uhlíř,Plénum,0.011901851600224308,0.09341461857847225,0.0002137169300698934,0.5557030317052257,0.0005571070892758772,0.01145761820024671,0.013232538355785875,0.014537065922158464,0.0004972802768350348,0.0023861173769691812,0.006874481315632698,0.001696149488661178,0.0013652686487794737,0.0001773797990090473,0.00023417493264909172,0.003240057622539558,0.00010270175549080204,0.0020438033728986406,7.103141768492551e-05,Ivana Janů,0.5557030317052257,0.011901851600224308,True
Pl-22-22_1,Vladimír Sládeček,Plénum,7.441044906406684e-05,0.002912425936266646,0.001934199986727732,0.1661694415039092,0.00014213184126699334,0.05278672536198897,0.0003550576659594864,0.006669440564910073,0.013943970447391789,0.0012807151892196644,0.008308266325465778,8.944616351771892e-05,0.0002814294664746611,0.000699792323548619,0.11149014722737276,0.000874708477604143,0.0011024578723071797,0.07107737850210505,3.1222239276372106e-05,Ivana Janů,0.1661694415039092,0.07107737850210505,True
Pl-23-11_1,Jiří Nykodým,Plénum,0.0005801987513831895,0.0020000649308083034,0.0006681616763186091,0.06969832742336235,0.005507949576202911,0.0012669286518502902,0.00676662448351606,0.005979291435760142,0.00023356298713607477,0.0005996159685972228,0.002466024905306523,0.00037346256166915175,0.00039026219946010474,0.0004639927481962245,0.5560558955883227,0.008484243920844741,0.0008325595800778527,0.009206226429619593,1.7667201774340246e-05,Radovan Suchánek,0.5560558955883227,0.00676662448351606,True
Pl-23-97,Antonín Procházka,Plénum,0.00899586722356078,0.0027713672356430236,0.002096718067432361,0.11610920278409496,0.0002810940211583446,0.07744512508118093,0.06810987987527956,0.011347564075385622,0.000474742844938543,0.0005866602510048841,0.00031218095590539657,0.0008149767576390997,3.9937953024380963e-05,0.0017258180659017756,0.002932808915455824,0.00014119783502853142,2.056328961065265e-05,1.1539183425304069e-05,2.8623736228058983e-05,Ivana Janů,0.11610920278409496,,False
Pl-24-07_1,Jan Musil,Plénum,4.5239996644115217e-05,0.16026646448494714,0.002014647567092667,0.005468536453867683,0.006148559841804783,0.00014151695510516846,0.0008313588292604072,0.9974958131161753,0.382548693691208,0.0003014182067143627,0.0269161512318521,4.905401001527704e-05,2.0171628591266048e-05,1.2809274555340786e-05,0.06763360311464266,1.177603732618121e-07,2.3700464077349432e-05,0.014220153946114351,1.8211631157746376e-07,Jiří Zemánek,0.9974958131161753,0.00014151695510516846,True
Pl-24-07_2,Jan Musil,Plénum,0.0005255462959100399,0.0018849115680676896,0.002299864972921308,0.02328683759133872,0.038379016377595526,3.35695256223311e-05,0.00018106272449035647,5.0655268956656976e-05,0.005225261440880275,1.363601508702818e-06,0.0005149784004710353,0.007596491299817526,1.4920875668830656e-05,0.0002018655288337415,0.0008992410088493482,0.5749011582083807,2.852659169008184e-05,2.2347403906519204e-05,0.0006055572478531363,Stanislav Balík,0.5749011582083807,3.35695256223311e-05,True
Pl-24-09_2,Pavel Holländer,Plénum,0.0017595183541444818,1.4362490029647028e-05,0.06142080801092061,0.27433789643914586,6.824913829767303e-05,1.1288833172603176e-05,0.0004524491921526276,0.8306706643987944,0.49987694652858405,5.53673371621616e-07,0.04635861073409414,0.0010118774430771626,7.380550047159357e-06,0.00017414990492483116,0.47335846836907697,1.0530459715726692e-05,6.705370789339254e-05,0.00017635025128941495,6.523431865504159e-08,Jiří Zemánek,0.8306706643987944,,False
Pl-24-09_3,Pavel Holländer,Plénum,0.004344710980767841,0.0013321134770266875,0.0802494595785929,5.2333817069368356e-05,0.0011458613740568248,2.2507522526006928e-07,5.149072135894721e-06,0.08152539295593883,0.2604832312274696,8.669318962228854e-09,3.8809706516297604e-08,0.00034598388940607484,0.07222702886791928,2.4337863605370417e-06,2.4808183368611423e-05,0.001792185453963867,0.5912414977218029,0.0013842464297314167,4.221970265185017e-05,Vladimír Kůrka,0.5912414977218029,,False
Pl-24-11_1,Pavel Rychetský,Plénum,0.002032131237193165,0.002451412365568606,0.0001493948658043435,0.36472877948490584,0.0009317731721158939,0.024701341950254162,0.003335031442926412,0.013100734742439443,0.00017107667955474878,0.030103070108879186,0.003945512223358463,0.002188336426564274,0.0012525186895211097,5.60310644071275e-05,0.02312554823181474,0.007496722803680312,0.0001695852197264305,0.0035186749587285925,9.661184435799979e-05,Ivana Janů,0.36472877948490584,,False
Pl-24-19_1,Kateřina Šimáčková,Plénum,0.00041175421586963414,0.0016496934496186444,0.0013507623220331017,0.12549488537555814,0.0018366303725450598,0.005037049507902645,0.008165331025003959,0.011209531625340179,0.00017598039050767617,0.012173655704858937,0.010207731134501685,0.001193722441219372,0.0004732814416221407,5.7513848671072155e-05,0.1342288371972975,0.0037680066402626658,0.002318588098334375,0.0980042699138658,0.00016213511402200323,Radovan Suchánek,0.1342288371972975,0.012173655704858937,True
Pl-24-97_0,Vojen Güttler,Plénum,0.004284318800679776,0.001891250742302363,0.0037294734923778417,0.009268846840199772,0.00026213567731135916,0.0006138772243132178,0.010055545357198286,0.00229628306969853,0.00043721538317376395,4.2231258925565444e-06,3.7266321790547075e-05,0.0005824965936790687,5.510046159416894e-05,0.22245014832069768,0.0032692970820684788,2.910736022312522e-05,7.456916955086435e-05,0.0009546298083040782,0.0005194631275461725,Pavel Varvařovský,0.22245014832069768,,False
Pl-25-12_1,Jan Musil,Plénum,0.00036166834966976986,0.0011580351319700212,0.00019945194710755385,0.35003212372209724,0.0007590698416717327,0.781206174915722,0.0045993246273232005,0.01024649393557773,0.00031608541265466057,0.0056639103974919745,0.016210640332699516,0.0006881703221414733,0.0007664012282642928,0.00042320552262658877,0.004566924337505142,0.009908161853894131,1.2854797633902171e-05,0.002068177546147742,0.00016960475856296666,Jan Musil,0.781206174915722,0.781206174915722,True
Pl-25-98,Pavel Varvařovský,Plénum,0.005984373765241114,0.011018754976238762,0.005783646989352552,0.000745081340066018,0.0004262074916312672,0.003527551271184925,0.017394562446821315,0.0008243488732970027,0.00049896754629359,0.0056116627820405746,0.00017921990609823116,0.0015017958351334097,6.645899247172684e-05,0.4721727640393928,4.009247217331782e-05,0.008587011095236687,1.4130978848991591e-05,0.00029125882463665185,0.0010277365384344182,Pavel Varvařovský,0.4721727640393928,0.4721727640393928,True
Pl-26-08_1,Jiří Nykodým,Plénum,0.003043242433791272,0.012556517552719866,4.350645425558745e-05,0.20208897053083102,0.008677373865741574,0.014218470495052598,0.004912460974362355,0.0011746521246591114,0.00025801343408363744,0.0018886336139661607,0.0020882942555028572,0.0010797304614295496,0.004058354137918826,0.0030374359064275725,0.016590887864902613,0.0009495272705052116,8.68545764250093e-06,0.012337887643739876,0.00012878070741354205,Ivana Janů,0.20208897053083102,0.004912460974362355,True
Pl-27-16_1,Jan Filip,Plénum,0.0002275399353679845,0.004861408306955363,0.0002678648807608843,0.09100780215887558,0.06710090430068694,0.28069582284064803,0.00026158286172268356,0.000962191890351067,0.0007511303226219716,0.3899922948249348,0.0018996148152127005,0.0001401532850456589,0.0003102612162575913,3.753945522698053e-05,0.005882532722989864,0.011544212209794782,0.0012385264935996746,0.40699839843958907,0.004982837271210869,Vladimír Sládeček,0.40699839843958907,0.06710090430068694,True
Pl-28-95,Vojen Güttler,Plénum,0.005311284408416483,0.0038922137663382228,0.000759593830480114,0.1982387742475082,0.001469030858133836,0.0224452305979658,0.0014597071124431186,0.0014146410486198533,0.003141677421576702,0.00020966378431152546,0.000511879977313372,0.0010474025915257097,0.0002705285665844221,0.009850203629218119,0.0028212020791886843,0.0017958711610313808,1.8407567725053938e-05,0.005679234825157819,6.794925214531661e-05,Ivana Janů,0.1982387742475082,,False
Pl-3-06_1,Vladimír Kůrka,Plénum,1.3879765104260076e-05,0.0032217691443282227,0.00031454330490353203,0.03664480787894421,0.0003625569896498383,0.003237515429531431,0.00013792965269602146,0.0019782999626464736,0.0013173922046538532,3.085392697787558e-05,0.01892407894755928,0.0008069857332531758,0.0025239500426795006,0.00030968305887955574,0.01024267822883245,0.0019448842624868927,0.0668615204574801,0.001770441909918764,0.00010938122277417057,Vladimír Kůrka,0.0668615204574801,0.0668615204574801,True
Pl-3-2000,Vladimír Čermák,Plénum,0.03348288287032113,0.0168930293758393,0.005958700383401951,0.020948096617471563,0.00028321495136038023,0.16686120221281245,0.002896419550026033,0.04337728939343271,7.639102214052168e-05,0.009395803996596808,0.0014445210098744492,0.000920767638198515,0.00031352207222261146,0.001973970603774872,2.4672360395641387e-05,0.0016398896381470643,0.000562214951537225,0.000781794768378077,8.158135193525118e-05,Jan Musil,0.16686120221281245,,False
Pl-3-20_1,Jaroslav Fenyk,Plénum,0.0005394662258601503,0.007460152502672282,0.00045600633384289263,0.014298242936721668,0.0014142708649907787,0.032403255745457195,0.000221572644696442,0.011397738545155743,0.015214288410884208,2.601638781853611e-05,0.00012759452710759002,0.0002926503821561834,5.589585558247847e-05,2.1715984895396885e-05,0.1850408270855408,0.0021536338769678766,0.0007629050102683572,0.0018928339674742503,0.00014728713469781623,Radovan Suchánek,0.1850408270855408,,False
Pl-3-22_1,Ludvík David,Plénum,2.5073711253534803e-05,0.0017113971138229527,0.0003191538251757009,5.528344876367812e-06,0.003540540916622095,0.1684962617922497,0.00014228678965314863,0.0913843760487902,0.8447830463289525,4.983389502762647e-07,2.1895802032126577e-05,2.06000982405034e-05,7.273429481220674e-05,0.0006648393046737851,0.1949833295145861,0.00013486284109675772,7.631673601331494e-07,0.0009631283257070472,5.066598977627476e-05,Josef Fiala,0.8447830463289525,2.1895802032126577e-05,True
Pl-30-15_1,Jaromír Jirsa,Plénum,0.004545683638142974,0.0013542598800034816,0.0013940767815462355,0.044872868614523165,9.421237601298172e-05,0.0008962958999947433,0.04154967409499687,0.22702407925965057,0.01690901548136586,9.724993597634454e-05,0.05152934906214801,0.0004997194474590424,4.153911848024008e-05,0.0002994885052743543,0.002862622065191187,0.0007553794794047424,0.00021362897706160734,0.0026019839684180046,1.7127273079415818e-05,Jiří Zemánek,0.22702407925965057,,False
Pl-30-18_1,Tomáš Lichovník,Plénum,0.0038796380964433805,0.49214768332819986,0.0007441521528887831,0.02204331997073764,0.0009968181976678769,0.0019384546896035525,0.012343062166336015,0.0028629473501447173,0.0013136545536431578,0.0031068097749642125,0.02329441691601011,9.814728734256598e-05,0.00030056494496436204,0.0003781401349258068,0.013322176535693385,9.144897512844981e-05,0.0001630875897935899,0.0027179352543596938,4.864708084541878e-05,Eliška Wagnerová,0.49214768332819986,,False
Pl-30-95_1,Vojtěch Cepl,Plénum,0.005065846196385316,0.015078461356180706,0.003367885167153673,0.039603933432577315,0.0007741829224219199,0.007779802457241304,0.007584168445481613,6.177457736864354e-05,0.0003269091240554858,0.0006788633672760693,2.7606287009016437e-05,0.002421436004735059,0.0004266465593370251,0.004166761712275835,0.0005390166028586566,0.01611883178927909,2.5562911116543835e-05,1.8192398594245715e-05,0.0002851090344051728,Ivana Janů,0.039603933432577315,,False
Pl-31-03,Jiří Malenovský,Plénum,0.0010933581060336903,0.004090393208974234,0.000356677129621354,0.05227410520363268,0.00030922150221387827,0.11887102416664398,0.003591428822962285,0.02619205181167697,0.0002244286553488326,0.01740273552574894,0.0018950962283591649,0.006414665144194674,0.0005098679981318701,0.0012083473207349959,0.003839044937418627,0.0004435689626961638,0.00015159327014874227,0.019859754674558912,0.0006333986701590532,Jan Musil,0.11887102416664398,,False
Pl-32-09_1,Jiří Nykodým,Plénum,0.0284073673971337,0.01264680986713957,0.00020035768028856977,0.008936923904333602,0.0010491474362405299,0.03227327589198677,0.012004551362791889,0.00022104782614127622,6.446023098884017e-05,5.4601530806671296e-05,0.00020032809094481719,0.0008952618661382481,0.041362265582946645,0.0020877563272256785,0.0044712052073172005,0.001452421309098554,3.9270817153548605e-05,0.0001154362306615175,0.0003929364990500669,Miloslav Výborný,0.041362265582946645,0.012004551362791889,True
Pl-33-96,Pavel Holländer,Plénum,2.2498344791648768e-05,0.010478749992038468,0.011371088340954287,0.0011782795743881193,0.0002878983669083414,0.008986630535771745,0.012346894953027822,0.09823282984595841,0.003970689412915878,0.0017984533796316087,0.0019116027314550782,0.0026321371086018776,0.00010028421019113134,0.0019337369526077185,0.005919799830713065,0.002301327936942035,0.0001186917593216379,0.013504953652571358,4.726707443921507e-06,Jiří Zemánek,0.09823282984595841,,False
Pl-33-97,Pavel Holländer,Plénum,0.0001899639886461199,0.0003247134038505104,0.0006361968332632756,0.27851618572898396,0.00021593075969056263,0.00980542268252115,0.0006997313634004781,0.0028748735138401783,0.00024541850186445946,0.027381126671710634,0.002528454573728161,0.0025823546331212414,0.0005928563991362967,0.0016538905162648805,0.04168469040146946,0.012552168937500935,0.00023283989777533133,0.0031426176100689336,0.0002034279966156202,Ivana Janů,0.27851618572898396,,False
Pl-34-97,Ivana Janů,Plénum,0.0079764501572154,0.005589380166846948,0.00014070034967517725,0.39266304743244895,0.0007519772180941701,0.3326538712009809,0.021080052551925566,0.030105281284294887,0.000254492250433848,0.027494811043890843,0.0015150222261267302,0.0006667873930175111,0.003162141136702477,0.00015147963032694818,0.0001551166848829606,0.002287258320496463,3.2088589814195844e-05,0.00056318388939743,0.0008358463742344364,Ivana Janů,0.39266304743244895,0.39266304743244895,True
Pl-36-09_1,Stanislav Balík,Plénum,0.0016178444996816335,0.0001002866566278088,1.240406023969394e-07,9.155680634548436e-08,3.4975174411634973e-06,2.8643862687588353e-08,0.6159096215355744,4.5659180608378086e-09,0.927504090941237,3.6874253166691664e-14,2.9775434275284577e-18,6.75513852357879e-08,0.010966094782450928,0.9999999925495398,0.9999999999999998,0.9999999896140063,3.9217020755314964e-14,4.339277991327191e-12,2.24879572116344e-08,Radovan Suchánek,0.9999999999999998,0.9999999896140063,True
Pl-36-13_1,Milada Tomková,Plénum,0.0009817870346463058,0.00025183426882702237,0.10374442487718284,1.6737851072006888e-05,0.010859533763120915,1.0359958165005224e-05,0.0038149855834803195,0.028801802371741014,0.04910528700235255,6.878947101071257e-06,0.0012237837011896719,0.009894079219532184,1.1543258940156717e-05,0.2907712123063564,1.8795197215734326e-05,4.855225851743111e-06,0.0018732357213333294,0.06364034470550801,2.021051729149384e-07,Pavel Varvařovský,0.2907712123063564,,False
Pl-36-18_1,Kateřina Šimáčková,Plénum,0.0008676431633246398,0.00028021071416590017,0.0020337181503716634,0.09681490533489762,0.00040667910087109936,0.0009055182574536375,0.0020562171223917785,0.0003367073677147566,0.00999017976824149,3.154521005798309e-05,4.71485300232916e-05,0.0002867358813156105,0.0015097349258936237,0.0039729288134410165,0.6875728868141991,0.009391925199727971,1.7100581952520128e-05,0.0007545159313478726,0.0004239771317017728,Radovan Suchánek,0.6875728868141991,3.154521005798309e-05,True
Pl-4-10_1,Vladimír Kůrka,Plénum,0.0001153963127712715,0.0007367261175319645,0.0005777273324774877,0.0002171542134885983,0.003168627214579073,0.06279505716921702,0.00018216016331216387,0.0032156273642417127,0.0048946157118321685,0.0002300994933092895,0.020577243726649957,0.00022608228142989952,0.00014426678700943228,7.302531065639843e-05,0.04845783745018844,0.00045666179081049974,0.7441669441545591,0.0225221869003883,5.3208751659047934e-05,Vladimír Kůrka,0.7441669441545591,0.7441669441545591,True
Pl-4-18_1,Vojtěch Šimíček,Plénum,0.0014542559006040087,0.003991762735362491,0.00019644533853414422,0.022769082954916666,0.00035985187808805594,0.30879552437004193,0.001523539910333897,0.00396386337512521,0.002425216802977665,0.18635397837261744,0.20755834213085192,0.0002345354382669999,0.00020910444341538608,1.6038714607121146e-05,0.005082772570549514,0.009258826195025526,0.00019558293800698404,0.25323049292706745,0.0003877939810408117,Jan Musil,0.30879552437004193,0.0003877939810408117,True
Pl-4-22_1,Ludvík David,Plénum,0.002979126825733687,0.005024504693085072,5.617347376062857e-05,0.052880835741679705,0.0004912601541614972,0.06470308285091536,0.012141591296971092,0.029871358283909112,0.04887922028087986,0.0001965721241707694,0.0041926091327138875,0.0017536578714477025,0.0014852627829250445,0.00014716220975370434,0.004561209193544916,0.0010242515991721352,1.4567098757910946e-06,0.0004981109926743975,1.5652080832900376e-05,Jan Musil,0.06470308285091536,0.0041926091327138875,True
Pl-4-94,Pavel Holländer,Plénum,0.0024179882856737054,7.95333897122349e-06,6.251335394695726e-05,0.9999999999916738,1.3084990936425666e-05,0.00032642694608164987,0.011856374044032052,0.04356983218673329,0.0006145392620740735,0.005478317597049149,2.6618644221003232e-05,0.001760684912215625,0.00226948114177176,0.0003135797958463401,0.024504779599717766,8.687389928011504e-09,7.860406094961479e-07,1.945981686358233e-05,5.870639848406231e-06,Ivana Janů,0.9999999999916738,,False
Pl-40-06_2,Vladimír Kůrka,Plénum,0.0012734498226348416,0.004391115224162532,0.0031687778627654786,0.016919107768459247,0.0005574739735003151,0.2673380640259886,0.0008608652114657074,0.016022621648793967,0.002629236935827938,0.030276573090895837,0.014521719726537258,0.00010508219247587932,2.2205437140194883e-05,5.3139245855097674e-05,0.012125184915098038,0.0024429805976598335,0.007057983611306277,0.2614504297469557,2.0037684230258625e-05,Jan Musil,0.2673380640259886,0.007057983611306277,True
Pl-41-02,Pavel Holländer,Plénum,0.00016106261695213268,0.004002319549280173,0.001378991868487826,0.48487279716462045,6.326805787113377e-05,0.06730773392585897,0.0004914576898440712,0.4318302119595572,0.0012865669529993368,0.004237263571458791,0.04777707618179204,0.0019757477081906558,0.002486946357696965,7.638451314338139e-05,0.004390794113931512,0.0010205250654148356,0.00017932504524081376,0.0018858149873323877,1.3809371208641142e-06,Ivana Janů,0.48487279716462045,,False
Pl-42-05,Vlasta Formánková,Plénum,0.0004686523289322715,0.10560325800772467,0.0010122727630754265,0.3266367717033921,0.00040858175806196567,0.09651383309621843,0.0016731880425891756,0.00966773521560091,0.0014259282115391407,0.005850230136154389,0.001160872669432273,0.00034656158957377934,0.00011264823331862138,0.008961157062755092,0.0013727562287023005,0.00010771502339068825,7.792902658211033e-06,0.004728176113760548,0.00015159949893968176,Ivana Janů,0.3266367717033921,,False
Pl-42-18_1,Josef Fiala,Plénum,0.0003063551695877417,0.2983850804568243,0.0008991625355772675,0.07217455214481955,0.0005539807421435862,0.005621527969758936,0.000752468632637537,0.006923285195798018,0.01578009135907342,0.0006774288557644997,0.00032952209737166754,0.0001299003062627463,0.0006253714529556773,0.00010998996096668117,0.0027089702948981547,0.00018730064045391549,0.0025593724029388393,0.01307967999097218,0.00010705257373204233,Eliška Wagnerová,0.2983850804568243,0.01578009135907342,True
Pl-44-02_1,Jiří Malenovský,Plénum,0.0003113335082590029,0.1184559958300311,0.0006182291189951941,0.1836300620592232,0.0002361275392888422,0.00040561140505891155,0.00047024727482871786,0.000821958529857599,0.0027980872652823194,0.0011333594441491376,0.002162207796382325,0.0013271655753216965,0.0024746714892830363,5.348030037334188e-05,0.008843468397059141,0.01848416771268311,9.037369025442513e-05,0.0034649127081063367,0.00032547420831238554,Ivana Janů,0.1836300620592232,,False
Pl-44-06_1,Jiří Nykodým,Plénum,0.00201113354367292,0.02124071309531239,0.0009547715661779652,0.13647884463505372,0.0011965284082353451,0.06494215824798573,0.005464815011051913,0.0030985475860552635,0.0015286009983455937,0.3211207844580849,0.03857246607019344,0.00035241404602083347,0.000250551087130822,0.00036969769838037544,0.005196800129612031,0.00022240737412514516,7.854973144527675e-06,0.013415259121812453,0.00021949115392294277,Kateřina Šimáčková,0.3211207844580849,0.005464815011051913,True
Pl-44-18_1,Jaromír Jirsa,Plénum,0.011762969424903263,0.00014554942908800514,4.931128818608109e-05,0.24870603796557791,8.679866506732644e-05,0.017897170776213642,0.001146556530579721,0.004094671093937232,0.0014441788546870494,0.20032776901953273,0.08249514713233211,0.0007720872205255959,0.00036675101928321816,0.0001968832308212703,0.013770397039798522,0.0016196547589270348,1.7592236480783855e-05,0.009023052973658175,0.0001364888646967265,Ivana Janů,0.24870603796557791,,False
Pl-45-17_1,Jaromír Jirsa,Plénum,0.0023336148605559996,0.00010270535073260579,9.930534231015914e-05,0.3918275959098187,0.0010857047908792077,0.2770664213948623,0.008835021065090829,0.006302362118520759,0.00037983823596520497,0.6452167139101563,0.11240781692925739,0.00036817707783181377,0.000900376410669622,0.00012188224147119101,0.004514986977023947,0.029461107622336564,4.402073783863697e-05,0.37637143125369477,0.00015728930404070485,Kateřina Šimáčková,0.6452167139101563,,False
Pl-5-12_1,Pavel Holländer,Plénum,0.00046720906691329604,0.0004187829221193012,0.004680219495676531,0.7302654351770985,7.319094494112244e-05,0.00039297538505957857,0.02173151181823849,0.36868697681363805,0.0019234642436654532,0.00047191299169397483,0.014845453756460276,0.0006186331600324187,6.318921658041159e-05,0.00013096877831290596,0.4049807961008355,0.0006856362782825118,0.0021937749473789703,0.008995574997337875,1.55569358223874e-06,Ivana Janů,0.7302654351770985,,False
Pl-51-05_1,Jan Musil,Plénum,0.0011711257908631244,0.0018609299678457897,0.0003644684007392304,0.7878323689753559,4.123385062616399e-05,0.010204277857142237,0.0017162421650563176,0.006339443431380911,0.0032740408402289166,0.000859349152476167,0.006391422175469442,0.00021929275312823927,0.0005567788911932558,0.0002494276723667054,0.004203126259689082,0.028117920164245146,5.925790962035902e-05,0.012461378276347935,0.00016799903382750558,Ivana Janů,0.7878323689753559,0.010204277857142237,True
Pl-55-2000,Pavel Holländer,Plénum,0.0006559487453147024,0.39448660282647324,0.004388189507373615,0.2926411417507949,7.941279662035944e-06,0.0002614243401816505,0.0024288379716362863,0.7541840500263113,0.018404946117999928,0.00015865220816850938,0.005998131345045691,5.8518465238703496e-05,4.605608691272565e-06,0.009603226882873774,0.8636966657105147,0.00029472644687343413,0.00012674614770915175,0.000572684066234092,1.362799679497926e-06,Radovan Suchánek,0.8636966657105147,,False
Pl-58-05_1,Michaela Židlická,Plénum,7.90685834180449e-05,0.08924022489097619,0.0019399426366101204,0.01832133420637967,0.00023648290388223085,0.006879399540797655,0.008117279197059537,0.013103257356421502,0.0029779189178570664,0.0006700124727945597,0.04575237874157651,0.00013330914725705827,0.00015039664659163995,9.883081536836946e-05,0.06937167153231427,0.0010526003963637171,0.0012731460681771236,0.05677167200402057,0.00015154992180524805,Eliška Wagnerová,0.08924022489097619,0.00013330914725705827,True
Pl-6-08_1,Ivana Janů,Plénum,0.0009630188994203146,0.03222601006352743,0.005807518169862834,0.07296136600467071,0.00011279490472364289,0.006975772835566424,0.007241090675925188,0.00026582689979528595,0.0008929793574393755,0.003287963810187667,0.001150126209673645,0.00044220223888512944,0.0002873604553518657,0.010597433178813051,0.004397142267678252,0.0020022885008553057,2.0633724048365735e-05,0.0033385057547891174,0.0004869355094249987,Ivana Janů,0.07296136600467071,0.07296136600467071,True
Pl-8-06,Ivana Janů,Plénum,0.00033580192957605577,0.003323724318488092,0.0018860220632731645,0.49891742710500414,9.73700336198034e-05,0.03236807786018424,0.00016506855539594824,0.0019325213694794375,0.0004003890335947928,0.0013522927731048945,0.008073648770472081,0.0025853177972257582,0.001663054573112864,0.0004393818543509517,0.03646078771475265,0.0028174879468500003,9.68359463219701e-05,0.004395902539921548,0.0003342628075395083,Ivana Janů,0.49891742710500414,0.49891742710500414,True
Pl-9-01,Jiří Malenovský,Plénum,0.0029204398521565675,0.0009722229357933961,0.0014140893577710592,0.006004716939079838,0.00017483280856976226,0.04944362982756597,0.017464214593433114,0.0023345551813032275,0.0005638392630038271,0.001968787834309771,0.0026887559930161933,0.0005387525245849774,6.55057391144363e-05,0.005060436437028906,0.017203573724664308,0.030704622663726703,2.1914683714484657e-05,0.014673231183246083,0.00023905965050909764,Jan Musil,0.04944362982756597,,False
Pl-9-17_1,Vladimír Sládeček,Plénum,0.00627410106255684,0.9020990408248625,0.024206386139545146,1.0589819157737022e-06,3.4739754836412086e-05,0.2607287885603062,0.018475343023638093,0.01872486108542129,1.254874225699406e-06,0.07522914203744058,7.329968107680225e-06,0.0004388586352989363,0.004003178857701753,9.56756785240969e-05,4.87597189225252e-07,0.001410501831555085,5.956737491681105e-07,0.08781158718527414,0.00844331844728825,Eliška Wagnerová,0.9020990408248625,0.08781158718527414,True
Pl-90-20_2,Jaroslav Fenyk,Plénum,0.0003542024515092434,0.06036859650526079,4.452473442365279e-05,0.11822894710916475,0.002986396484141632,0.009847571816643037,0.011268537162472605,0.0014662168045569393,0.008853811528608905,0.0004615107018333861,0.011145302096828472,0.0002015283663401969,0.00015546485618641708,0.0003829480471812281,0.004024469728950576,0.0011801545272856879,8.086110460953415e-06,0.001067722828147154,0.0005278905703664123,Ivana Janů,0.11822894710916475,,False
Pl-92-20_1,Jan Filip,Plénum,0.0002736606489211176,0.000546315628806507,0.001331340652780238,0.013570482998789334,0.05258900108954046,0.011146781657086137,0.00044092851631838664,0.0016542976237931026,0.0008173211885948239,0.06663063118370956,0.0034672116543307133,0.00012199064754144262,0.00011051007317705605,0.00020178769481458115,0.027434492257782786,0.034367410953385386,0.0009002088559198681,0.10756193234781573,0.0016041387912187513,Vladimír Sládeček,0.10756193234781573,0.05258900108954046,True
